"ms","ms_name","cci","title","fund","category_of_region","year","de_commitments_at_closure","rec_at_closure","net_planned_eu_amount","cumulative_initial_pre_financing","cumulative_additional_initial_pre_financing","recovery_of_initial_pre_financing","cumulative_annual_pre_financing","pre_financing_covered_by_expenditure","pf_covered_by_expenditure_at_closure_clearing","recovery_of_annual_pre_financing","recovery_of_pf_at_closure","net_pre_financing","cumulative_interim_payments","recovery_of_expenses","recovery_of_expenses_at_closure","payment_at_closure","net_interim_payments","total_net_payments","eu_payment_rate","eu_payment_rate_on_planned_eu_amount","is_latest_period"
"PL","Poland","2014PL16M2OP006","Małopolskie Voivodeship - ERDF/ESF","ERDF","Less developed","2023","0","0","2071582510","58334173.47","0","0","381937550.1","52543505.64","0","260903914.25","0","126824303.68","1891138297.52","36167538.35","0","0","1907514264.81","2034338568.49","98.2021502242747","98.2021502242747","N"
"FI","Finland","2014FI14MFOP001","Maritime and Fisheries - Finland","EMFF",,"2020","0","0","74393168","2097887.34","0","0","9265669.09","3096662.41","0","3203475.37","0","5063418.65","42056323.2","0","0","0","45152985.61","50216404.26","67.5013655286195","67.5013655286195","N"
"FR","France","2014FR05M9OP002","Alsace - ESF/YEI","YEI ESF Matching Component",,"2019","0","0","4485714","0","0","0","252321.42","0","0","123357.14","0","128964.28","239544.69","0","0","0","239544.69","368508.97","8.21516864427826","8.21516864427826","N"
"UK","United Kingdom","2014UK05M9OP001","England  - ESF/YEI","YEI",,"2017","0","0","319576848","9587305.44","46338642.96","46338642.96","14780429.22","0","0","6391536.96","0","17976197.7","4287169.83","0","0","0","4287169.83","22263367.53","6.96651452360529","6.96651452360529","N"
"CZ","Czechia","2014CZ16M1OP002","Environment  - CZ - ERDF/CF","CF",,"2023","0","0","2276788653","63068311.23","0","0","419827024.9","161899356.05","0","178596967.39","0","142399012.69","1972490284.26","0","0","0","2134389640.31","2276788653","100","100","N"
"IT","Italy","2014IT16RFOP010","Lazio - ERDF","ERDF","More developed","2016","0","0","456532597","12874219.23","0","0","8582812.82","0","0","0","0","21457032.05","0","0","0","0","0","21457032.05","4.69999999802862","4.69999999802862","N"
"ES","Spain","2014ES06RDRP001","Andalucía - Rural Development","EAFRD","EURI","2021","0","0","165245666","0","0","0","0","0","0","0","0","0","0","0","0","0","0","0","0","0","N"
"GR","Greece","2014GR16M2OP003","Thessaly - ERDF/ESF","ESF","Less developed","2019","0","0","72974986","2143523.17","3751165.54","0","6331185.37","1463570.59","0","2898438.24","0","7863865.25","22021252.47","0","0","0","23484823.06","31348688.31","42.9581285702473","42.9581285702473","N"
"HU","Hungary","2014HU16M0OP001","Economic Development and Innovation Programme - HU - ERDF/ESF/YEI","ESF","REACT-EU","2023","0","0","218692440","84541393.35","0","0","4493150.68","0","0","10458244.68","0","78576299.35","139086634.79","0","0","0","139086634.79","217662934.14","99.5292448792468","99.5292448792468","N"
"FR","France","2014FR05SFOP004","Martinique - ESF","ESF","Less developed","2020","0","0","119706536","3516540","0","0","15126539.92","1532821.3","0","7757834.51","0","9352424.11","27044707.25","0","0","0","28577528.55","37929952.66","31.6857825206804","31.6857825206804","N"
"IT","Italy","2014IT05M2OP002","Governance and Institutional Capacity - IT - ESF/ERDF","ERDF","Less developed","2018","0","0","220841398","6227727.42","0","0","15309829.91","55649.9","0","9545429.87","0","11936477.56","48334000.07","0","0","0","48389649.97","60326127.53","27.3164941339486","27.3164941339486","N"
"GR","Greece","2014GR16M3TA001","Technical assistance - GR - ERDF/ESF/CF","ERDF","Transition","2017","0","0","27742268","988683.04","1730195.32","0","1081880.28","357008.77","0","137332.75","0","3306417.12","6857047.92","0","0","0","7214056.69","10520473.81","37.922183615269","37.922183615269","N"
"FR","France","2014FR06RDRN001","France - Rural Network","EAFRD",,"2017","0","0","22999212","689976.36","0","0","0","0","0","0","0","689976.36","300373.57","0","0","0","300373.57","990349.93","4.30601678874911","4.30601678874911","N"
"PT","Portugal","2014PT16M2OP004","Azores - ERDF/ESF","ESF","REACT-EU","2023","0","0","28500000","3477966.15","0","0","1497457.64","0","0","927457.64","0","4047966.15","23469077.79","0","0","0","23469077.79","27517043.94","96.5510313684211","96.5510313684211","N"
"FR","France","2014FR05SFOP001","Employment and Social Inclusion - FR - ESF","ESF","Transition","2017","0","0","915620663","26819097.3","0","0","41346108.34","0","0","17879398.2","0","50285807.44","106566004.83","0","0","0","106566004.83","156851812.27","17.1306544957254","17.1306544957254","N"
"FR","France","2014FR14MFOP001","Maritime and Fisheries - France","EMFF",,"2019","0","0","587980173","16581040.89","0","0","56651889.71","1247727.88","0","39513997.64","0","32471205.08","143876972.07","591052.64","0","0","144533647.31","177004852.39","30.1038811371621","30.1038811371621","N"
"ES","Spain","2014ES05SFOP001","La Rioja  - ESF","ESF","More developed","2023","0","0","11359424","360382.58","0","0","1613890.28","770799.02","0","965222.91","0","238250.93","10350374.05","0","0","0","11121173.07","11359424","100","100","N"
"LT","Lithuania","2014LT14MFOP001","Maritime and Fisheries - Lithuania","EMFF",,"2020","0","0","63432222","1788788.67","0","0","7900483.32","1322742.17","0","3631433.13","0","4735096.69","21600694.36","0","0","0","22923436.53","27658533.22","43.6032860712336","43.6032860712336","N"
"FR","France","2014FR06RDRP094","Corse - Rural Development","EAFRD","EURI","2020","0","0","0","0","0","0","0","0","0","0","0","0","0","0","0","0","0","0",,,"N"
"FR","France","2014FR06RDRP004","Réunion - Rural Development","EAFRD","EURI","2017","0","0","0","0","0","0","0","0","0","0","0","0","0","0","0","0","0","0",,,"N"
"MT","Malta","2014MT06RDNP001","Malta - National Rural Development","EAFRD","EURI","2023","0","0","8750475","0","0","0","0","0","0","0","0","0","3029986.69","0","0","0","3029986.69","3029986.69","34.6265395878509","34.6265395878509","N"
"CY","Cyprus","2014CY16M1OP001","Competitiveness and sustainable development - CY - ERDF/CF","ERDF","REACT-EU","2021","0","0","46426890","5106957.9","0","0","0","0","0","0","0","5106957.9","0","0","0","0","0","5106957.9","11","11","N"
"SK","Slovakia","2014SK16M1OP001","Integrated Infrastructure - SK - ERDF/CF","ERDF","More developed","2024","0","0","217516744","4828952.07","0","0","29573525.46","11189039.46","0","16159300.31","0","7054137.76","201338888.36","2065321.58","0","0","210462606.24","217516744","100","94.3579413811688","N"
"ES","Spain","2014ES16RFOP004","Aragón  - ERDF","ERDF","REACT-EU","2023","0","0","237500000","31097002.65","0","0","9500000","0","0","3354383.88","0","37242618.77","99550377.42","1475980.36","0","0","98074397.06","135317015.83","56.9755856126316","56.9755856126316","N"
"BE","Belgium","2014BE06RDRP001","Flanders - Rural Development","EAFRD",,"2023","0","0","479680809","11512976.43","0","0","0","0","0","0","0","11512976.43","366625067.15","0","0","0","366625067.15","378138043.58","78.8311803360055","78.8311803360055","N"
"LU","Luxembourg","2014LU16RFOP001","Luxembourg - ERDF","ERDF","REACT-EU","2025","0","0","69687379","10453106.85","0","0","2787495.16","2516211.61","0","271283.55","0","10453106.85","56718060.54","0","0","0","59234272.15","69687379","100","100","N"
"UK","United Kingdom","2014UK05SFOP004","Northern Ireland - ESF","ESF","Transition","2023","0","0","210578341","5790957.15","0","0","38635065.37","11648993.62","0","22774504.93","0","10002523.97","180488490.8","0","0","0","192137484.42","202140008.39","95.9927822728929","95.9927822728929","N"
"FR","France","2014FR06RDRP004","Réunion - Rural Development","EAFRD",,"2020","0","0","385500000","11565000","0","0","0","0","0","0","0","11565000","168132310.28","0","0","0","168132310.28","179697310.28","46.6140882697795","46.6140882697795","N"
"CY","Cyprus","2014CY06RDNP001","Cyprus - National Rural Development","EAFRD",,"2017","0","0","132244377","5289775.08","0","0","0","0","0","0","0","5289775.08","21751149.08","0","0","0","21751149.08","27040924.16","20.4476929555954","20.4476929555954","N"
"FR","France","2014FR05FMOP001","FEAD - France","FEAD","REACT-EU","2024","0","0","104027508","15604126.2","0","0","0","0","0","0","0","15604126.2","88423381.8","0","0","0","88423381.8","104027508","100","100","N"
"PT","Portugal","2014PT05M9OP001","Social Inclusion and Employment - PT - ESF/YEI","YEI Specific Allocation",,"2014","0","0","160772169","2411582.54","0","0","0","0","0","0","0","2411582.54","0","0","0","0","0","2411582.54","1.50000000310999","1.50000000310999","N"
"GR","Greece","2014GR16M1OP001","Transport Infrastructure Environment and Sustainable Development - GR - ERDF/CF","ERDF","Transition","2015","0","0","166279612","4685943.12","5466933.64","0","0","0","0","0","0","10152876.76","0","0","0","0","0","10152876.76","6.10590597240508","6.10590597240508","N"
"ES","Spain","2014ES05M9OP001","Youth Employment - ES - ESF/YEI","ESF","Less developed","2023","0","0","27478987","489626.24","0","0","4688212.96","1547584.89","0","2974736.5","0","655517.81","11340401.26","-883946.92","0","0","13771933.07","14427450.88","52.5035762053383","52.5035762053383","N"
"CY","Cyprus","2014CY05FMOP001","FEAD - Cyprus","FEAD",,"2021","0","0","3944660","433912.6","0","0","0","0","0","0","0","433912.6","2105349.2","0","0","0","2105349.2","2539261.8","64.3721334665092","64.3721334665092","N"
"IT","Italy","2014IT16RFOP003","Enterprises and Competitiveness - IT - ERDF","ERDF","Transition","2017","0","0","136847419","2132300","0","0","3210212.5","0","0","1388200","0","3954312.5","2513362.98","0","0","0","2513362.98","6467675.48","4.72619471179066","4.72619471179066","N"
"CZ","Czechia","2014CZ16RFOP002","Integrated Regional Programme - CZ - ERDF","ERDF","More developed","2015","0","0","24149612","454012.7","0","0","0","0","0","0","0","454012.7","0","0","0","0","0","454012.7","1.87999997681122","1.87999997681122","N"
"BE","Belgium","2014BE05M9OP001","Wallonie-Bruxelles 2020.eu - ESF/YEI","YEI Specific Allocation",,"2021","0","0","55375914","1096918.8","10603548.4","0","7508189.82","1627420.46","0","3334670.77","0","14246565.79","29680850.93","491979.91","0","0","30816291.48","45062857.27","81.3762771843369","81.3762771843369","N"
"IT","Italy","2014IT05SFOP012","Veneto  - ESF","ESF","More developed","2023","0","0","382015911","10772848.68","0","0","62860718.12","20223291.42","0","37549705.03","0","15860570.35","345691287.19","2929797.67","0","0","362984780.94","378845351.29","99.1700451162622","99.1700451162622","N"
"LU","Luxembourg","2014LU05SFOP001","Luxembourg - ESF","ESF","More developed","2014","0","0","20056223","188528.49","0","0","0","0","0","0","0","188528.49","0","0","0","0","0","188528.49","0.939999969086901","0.939999969086901","N"
"PT","Portugal","2014PT05M9OP001","Social Inclusion and Employment - PT - ESF/YEI","YEI",,"2017","0","0","321544338","11254051.84","46623929.01","0","14871425.64","6430886.76","0","0","0","66318519.73","149077260.99","0","0","0","155508147.75","221826667.48","68.9878941298603","68.9878941298603","N"
"FR","France","2014FR16M0OP013","Provence-Alpes-Côte d'Azur - ERDF/ESF/YEI","ERDF","More developed","2015","0","0","284316236","5345145.24","0","0","0","0","0","0","0","5345145.24","0","0","0","0","0","5345145.24","1.88000000112551","1.88000000112551","N"
"IT","Italy","2014IT16M2OP004","Metrolitan Cities - IT - ERDF/ESF","ERDF","More developed","2023","0","0","104962933","2994769.62","0","0","19524675.14","6273918.33","0","9838833.38","0","6406693.05","86377094.55","0","0","0","92651012.88","99057705.93","94.3739881296953","94.3739881296953","N"
"LT","Lithuania","2014LT06RDNP001","Lithuania - National Rural Development","EAFRD","EURI","2017","0","0","0","0","0","0","0","0","0","0","0","0","0","0","0","0","0","0",,,"N"
"ES","Spain","2014ES06RDRP005","Canarias - Rural Development","EAFRD","EURI","2019","0","0","0","0","0","0","0","0","0","0","0","0","0","0","0","0","0","0",,,"N"
"IT","Italy","2014IT05SFOP011","Valle d'Aosta  - ESF","ESF","More developed","2015","0","0","27786275","522381.96","0","0","0","0","0","0","0","522381.96","0","0","0","0","0","522381.96","1.87999996401101","1.87999996401101","N"
"FR","France","2014FR06RDRP091","Languedoc-Roussillon - Rural Development","EAFRD",,"2017","0","0","597112652","17913379.56","0","0","0","0","0","0","0","17913379.56","160458574.67","0","0","0","160458574.67","178371954.23","29.8724124555981","29.8724124555981","N"
"FR","France","2014FR06RDRP024","Centre - Rural Development","EAFRD",,"2022","0","0","467230882","10603816.62","0","0","0","0","0","0","0","10603816.62","329898699.64","0","0","0","329898699.64","340502516.26","72.8767145704209","72.8767145704209","N"
"BG","Bulgaria","2014BG06RDNP001","Bulgaria - National Rural Development","EAFRD",,"2019","0","0","2366716966","71001508.98","0","0","0","0","0","0","0","71001508.98","837892185.19","0","0","0","837892185.19","908893694.17","38.4031427174043","38.4031427174043","N"
"CZ","Czechia","2014CZ16M2OP001","Prague Growth Pole - ERDF/ESF","ESF","More developed","2016","0","0","47978445","1352992.14","0","0","901994.76","0","0","0","0","2254986.9","0","0","0","0","0","2254986.9","4.69999996873596","4.69999996873596","N"
"FR","France","2014FR06RDRP091","Languedoc-Roussillon - Rural Development","EAFRD","EURI","2020","0","0","0","0","0","0","0","0","0","0","0","0","0","0","0","0","0","0",,,"N"
"TC","Interreg","2014TC16I5CB005","IPA CBC Bulgaria - Turkey","IPAE-contribution from ERDF",,"2015","0","0","12598230","912412","0","0","0","0","0","0","0","912412","0","0","0","0","0","912412","7.24238246166327","7.24238246166327","N"
"PL","Poland","2014PL05M9OP001","Knowledge Education Growth  - PL - ESF/YEI","YEI ESF Matching Component",,"2022","0","0","269675041","7573134.66","0","0","15610693.85","16597862.08","0","3814517.13","0","2771449.3","268860495.36","0","0","0","269675041","272446490.3","101.027699593453","101.027699593453","N"
"FR","France","2014FR16M0OP001","Aquitaine - ERDF/ESF/YEI","YEI Specific Allocation",,"2023","0","0","10594801","301623.69","2915695.67","0","1348391.64","785442.66","0","676568.11","0","3103700.23","6705658.11","0","0","0","7491100.77","10594801","100","100","N"
"TC","Interreg","2014TC16M5TN001","Interreg V-B - Baltic Sea","ERDF",,"2014","0","0","263830658","2638306.58","0","0","0","0","0","0","0","2638306.58","0","0","0","0","0","2638306.58","1","1","N"
"ES","Spain","2014ES05FMOP001","FEAD - Spain","FEAD",,"2020","0","0","563410224","61975124.64","0","0","0","0","0","0","0","61975124.64","421247426.06","0","0","0","421247426.06","483222550.7","85.7674444154212","85.7674444154212","N"
"IT","Italy","2014IT05SFOP001","Social Inclusion - IT - ESF","ESF","More developed","2024","0","0","168300000","4746060","0","0","27693765","5666705.71","0","18966044.54","0","7807074.75","151617467.49","3691557.62","0","0","153592615.58","161399690.33","95.8999942543078","95.8999942543078","N"
"BG","Bulgaria","2014BG05M2OP001","Science and Education for Smart Growth  - BG - ESF/ERDF","ESF","Less developed","2016","0","0","352619543","9944218.65","0","0","6629479.1","0","0","0","0","16573697.75","0","0","0","0","0","16573697.75","4.70016426457679","4.70016426457679","N"
"BG","Bulgaria","2014BG05M9OP001","Human Resources Development  - BG - ESF/YEI","YEI Specific Allocation",,"2019","0","0","55188745","1655662.35","16004736.05","0","5656846.37","2698580.02","0","1371589.93","0","19247074.82","33243090.16","0","0","0","35941670.18","55188745","100","100","N"
"TC","Interreg","2014TC16RFCB002","Interreg V-A - Austria-Czech Republic","ERDF",,"2016","0","0","97814933","2934447.99","0","0","1956298.66","0","0","0","0","4890746.65","0","0","0","0","0","4890746.65","5","5","N"
"UK","United Kingdom","2014UK16RFOP001","England - ERDF","ERDF","Transition","2024","0","0","1090037505","30169959.84","0","0","200289062.46","85096287.41","0","100134874.17","0","45227860.72","959713356.87","0","0","0","1044809644.28","1090037505","100","100","N"
"FR","France","2014FR16M0OP007","Midi-Pyrénées et Garonne - ERDF/ESF/YEI","YEI",,"2017","0","0","7249136","152820.42","738632.03","0","235598.14","94873.08","0","7007.2","0","1025170.31","1092205.05","0","0","0","1187078.13","2212248.44","30.5174084194309","30.5174084194309","N"
"SK","Slovakia","2014SK06RDNP001","Slovakia - National Rural Development","EAFRD",,"2022","0","0","2112866891","46790755.32","0","0","0","0","0","0","0","46790755.32","1201871688.68","0","0","0","1201871688.68","1248662444","59.098017452913","59.098017452913","N"
"SK","Slovakia","2014SK05M0OP001","Human Resources - SK - ESF/ERDF/YEI","YEI",,"2023","0","0","172270942","4330515.54","20930825.11","20930825.11","28589224.08","12493590.61","0","15682940.02","0","4743208.99","164455781.59","9164767.06","0","0","167784605.14","172527814.13","100.149109377947","100.149109377947","N"
"ES","Spain","2014ES06RDRP011","Galicia  - Rural Development","EAFRD",,"2018","0","0","889800000","31143000","0","0","0","0","0","0","0","31143000","244341744.82","0","0","0","244341744.82","275484744.82","30.9602994852776","30.9602994852776","N"
"GR","Greece","2014GR16M1OP001","Transport Infrastructure Environment and Sustainable Development - GR - ERDF/CF","ERDF","More developed","2020","0","0","171117704","9173865.41","16054264.46","0","27511933.59","674270.49","0","17338599.62","0","34727193.35","11440979.25","17233.23","0","0","12098016.51","46825209.86","27.3643280417086","27.3643280417086","N"
"PT","Portugal","2014PT16M2OP004","Azores - ERDF/ESF","ESF","Less developed","2016","0","0","314725011","10354452.85","0","0","5916830.2","0","0","0","0","16271283.05","55559603.97","0","0","0","55559603.97","71830887.02","22.8233805733349","22.8233805733349","N"
"TC","Interreg","2014TC16RFCB049","Interreg V-A - Romania-Hungary","ERDF",,"2022","0","0","189138672","5674160.16","0","0","32626420.93","5485470.29","0","18226313.97","0","14588796.83","103663658.69","0","0","0","109149128.98","123737925.81","65.4218011058045","65.4218011058045","N"
"IT","Italy","2014IT05M2OP002","Governance and Institutional Capacity - IT - ESF/ERDF","ERDF","Less developed","2022","0","0","258048933","6227727.42","0","0","37827753.43","11338705.35","0","17680111.36","0","15036664.14","191079262.95","0","0","0","202417968.3","217454632.44","84.2687586078878","84.2687586078878","N"
"TC","Interreg","2014TC16RFCB038","Interreg V-A - France-Belgium-The Netherlands-United Kingdom (Two seas)","ERDF",,"2024","0","0","256648702","7699461.06","0","0","49404875.14","23809597.35","0","21075631.52","0","12219107.33","220619997.32","0","0","0","244429594.67","256648702","100","100","N"
"FR","France","2014FR16M0OP007","Midi-Pyrénées et Garonne - ERDF/ESF/YEI","YEI ESF Matching Component",,"2019","0","0","3675187","76410.21","0","0","321681.02","47436.54","0","170038.15","0","180616.54","546102.52","0","0","0","593539.06","774155.6","21.0643866556994","21.0643866556994","N"
"LU","Luxembourg","2014LU16RFOP001","Luxembourg - ERDF","ERDF","REACT-EU","2026","0","0","69687379","10453106.85","0","0","2787495.16","2516211.61","0","271283.55","0","10453106.85","56718060.54","0","0","0","59234272.15","69687379","100","100","Y"
"BG","Bulgaria","2014BG16RFOP001","Regions in Growth - BG - ERDF","ERDF","Less developed","2023","0","0","1311704793","36990075.15","0","0","242075119.5","72667186.53","0","127456238.38","0","78941769.74","903572308.13","0","0","0","976239494.66","1055181264.4","80.4435014670256","80.4435014670256","N"
"ES","Spain","2014ES05SFOP007","Cataluña  - ESF","ESF","More developed","2023","0","0","307444830","10026039.59","0","0","50253514.51","14400524.71","0","29931663.55","0","15947365.84","277096939.45","0","0","0","291497464.16","307444830","100","100","N"
"BG","Bulgaria","2014BG16RFOP002","Innovations and Competitiveness - BG - ERDF","ERDF","Less developed","2021","0","0","1238064222","32301557.55","0","0","160816564.95","44127046.92","0","71313771.1","0","77677304.48","717963594.96","0","0","0","762090641.88","839767946.36","67.829110270501","67.829110270501","N"
"TC","Interreg","2014TC16RFTN006","Interreg V-B - North West Europe","ERDF",,"2015","0","0","396134342","7922686.84","0","0","0","0","0","0","0","7922686.84","0","0","0","0","0","7922686.84","2","2","N"
"PL","Poland","2014PL16M2OP013","Świętokrzyskie Voivodeship - ERDF/ESF","ESF","Less developed","2018","0","0","383839527","10824274.65","0","0","26609675.17","692195.13","0","15995228.28","0","20746526.41","96689866.67","361520","0","0","97020541.8","117767068.21","30.6813290258145","30.6813290258145","N"
"FR","France","2014FR16M0OP013","Provence-Alpes-Côte d'Azur - ERDF/ESF/YEI","ESF","REACT-EU","2024","0","0","15625000","0","0","0","312500","0","0","312500","0","0","4275824.44","0","0","0","4275824.44","4275824.44","27.365276416","27.365276416","N"
"DE","Germany","2014DE06RDRP021","Schleswig-Holstein - Rural Development","EAFRD","EURI","2017","0","0","0","0","0","0","0","0","0","0","0","0","0","0","0","0","0","0",,,"N"
"IT","Italy","2014IT06RDRP015","Molise - Rural Development","EAFRD","EURI","2024","0","0","10643314.01","0","0","0","0","0","0","0","0","0","964094.84","0","0","0","964094.84","964094.84","9.05822039163909","9.05822039163909","N"
"IT","Italy","2014IT05SFOP016","Basilicata  - ESF","ESF","Less developed","2020","0","0","144812084","4083700.77","0","0","18036345.07","2748143.42","0","8718384.05","0","10653518.37","50042076.36","0","0","0","52790219.78","63443738.15","43.8110801236726","43.8110801236726","N"
"PT","Portugal","2014PT06RDRP001","Azores - Rural Development","EAFRD","EURI","2015","0","0","0","0","0","0","0","0","0","0","0","0","0","0","0","0","0","0",,,"N"
"SK","Slovakia","2014SK05FMOP001","FEAD - Slovakia","FEAD","REACT-EU","2023","0","0","22928653","8528892.75","0","0","0","0","0","0","0","8528892.75","10964382.41","0","0","0","10964382.41","19493275.16","85.0170969921347","85.0170969921347","N"
"FR","France","2014FR16M0OP005","Haute-Normandie - ERDF/ESF/YEI","ERDF","More developed","2016","0","0","226243976","6380080.14","0","0","4253386.76","0","0","0","0","10633466.9","0","0","0","0","0","10633466.9","4.70000001237602","4.70000001237602","N"
"IT","Italy","2014IT16M2OP001","Molise  - ERDF/ESF","ESF","Transition","2015","0","0","23853230","448440.72","0","0","0","0","0","0","0","448440.72","0","0","0","0","0","448440.72","1.87999998323078","1.87999998323078","N"
"FR","France","2014FR05SFOP005","Réunion - ESF","ESF","Less developed","2015","0","0","516843939","9716666.04","0","0","0","0","0","0","0","9716666.04","0","0","0","0","0","9716666.04","1.87999999744604","1.87999999744604","N"
"FR","France","2014FR06RDRP001","Guadeloupe - Rural Development","EAFRD",,"2022","0","0","218256468","5220744.54","0","0","0","0","0","0","0","5220744.54","106423301.39","0","0","0","106423301.39","111644045.93","51.1526860821371","51.1526860821371","N"
"PL","Poland","2014PL05M9OP001","Knowledge Education Growth  - PL - ESF/YEI","ESF","Less developed","2019","0","0","3601581202","101963728.05","0","0","358813236.97","47314203.47","0","207751945.56","0","205710815.99","822931590.01","0","0","0","870245793.48","1075956609.47","29.8745620082787","29.8745620082787","N"
"ES","Spain","2014ES16RFOP015","Galicia  - ERDF","ERDF","REACT-EU","2024","0","0","349350621","45742124.7","0","0","13974024.84","6534796.68","0","7439228.16","0","45742124.7","230950259.15","0","0","0","237485055.83","283227180.53","81.0724708945057","81.0724708945057","N"
"ES","Spain","2014ES16RFOP002","Multi-regional Spain - ERDF","ERDF","Transition","2024","0","0","5381781261","171760576.72","0","0","1009015572.7","179076088.24","0","681338624.29","0","320361436.89","4754193908.46","36938268.02","0","0","4896331728.68","5216693165.57","96.9324636691138","96.9324636691138","N"
"CZ","Czechia","2014CZ06RDNP001","Czech Republic - National Rural Development","EAFRD",,"2022","0","0","2890233934","69170219.88","0","0","0","0","0","0","0","69170219.88","2442682853.61","0","0","0","2442682853.61","2511853073.49","86.9082963818665","86.9082963818665","N"
"FI","Finland","2014FI05FMOP001","FEAD - Finland","FEAD",,"2020","0","0","22540916","2479500.76","0","0","0","0","0","0","0","2479500.76","16248089.48","0","0","0","16248089.48","18727590.24","83.0826495249794","83.0826495249794","N"
"PT","Portugal","2014PT16CFOP001","Sustainability and Resource Use Efficiency - PT - CF","CF",,"2021","0","0","2202742164","74115217.19","0","0","324633879.79","74454792.55","0","169115293.82","0","155179010.61","1238028826.42","0","0","0","1312483618.97","1467662629.58","66.6288889170235","66.6288889170235","N"
"FR","France","2014FR16M0OP004","Champagne-Ardenne - ERDF/ESF/YEI","ESF","REACT-EU","2022","0","0","12350060","1463807.4","0","0","390348.64","0","0","195174.32","0","1658981.72","0","0","0","0","0","1658981.72","13.4329851029064","13.4329851029064","N"
"BE","Belgium","2014BE06RDRP002","Wallonia - Rural Development","EAFRD",,"2021","0","0","352038194","7920956.34","0","0","0","0","0","0","0","7920956.34","231838104.82","0","0","0","231838104.82","239759061.16","68.1059797619573","68.1059797619573","N"
"SE","Sweden","2014SE16RFOP004","East-Central Sweden - ERDF","ERDF","More developed","2023","0","0","69026314","1974610.8","0","0","12782078.71","5369993.18","0","5104895.16","0","4281801.17","55517455.98","0","0","0","60887449.16","65169250.33","94.4121836347802","94.4121836347802","N"
"DE","Germany","2014DE05SFOP001","Schleswig-Holstein  - ESF","ESF","More developed","2018","0","0","88790767","2503899.63","0","0","6155419.93","774355.65","0","3085822.95","0","4799140.96","32507336.36","0","0","0","33281692.01","38080832.97","42.8882802307587","42.8882802307587","N"
"IT","Italy","2014IT16RFOP022","Basilicata - ERDF","ERDF","Less developed","2020","0","0","413015666","11647244.61","0","0","51441997.04","10289507.94","0","28632809.68","0","24166924.03","188445098.8","28065.32","0","0","198706541.42","222873465.45","53.9624725639342","53.9624725639342","N"
"TC","Interreg","2014TC16RFTN001","Interreg V-B - Alpine Space","ERDF",,"2025","0","1157383.13","116635466","3499063.98","0","0","21065440.79","9805312.74","3140870.5","9222399.33","1157383.13","1238539.07","101293360.56","0","0","0","114239543.8","116635466","100","99.0174419427425","N"
"HU","Hungary","2014HU16M2OP001","Territorial and settlement Development  - HU - ERDF/ESF","ESF","Less developed","2024","0","0","354424426","11615714.07","0","0","70816099.97","18503338.3","0","47412587.54","0","16515888.2","320892948.43","2970133.33","0","0","336426153.4","352942041.6","99.5817488041865","99.5817488041865","N"
"SI","Slovenia","2014SI16MAOP001","EU Cohesion Policy - SI - ERDF/ESF/CF/YEI","ESF","More developed","2016","0","0","338918438","9557499.93","0","0","6371666.62","0","0","0","0","15929166.55","1349110.55","0","0","0","1349110.55","17278277.1","5.09806347567317","5.09806347567317","N"
"IT","Italy","2014IT05SFOP017","Bolzano  - ESF","ESF","More developed","2016","0","0","68310599","1926358.89","0","0","1284239.26","0","0","0","0","3210598.15","0","0","0","0","0","3210598.15","4.69999999560829","4.69999999560829","N"
"UK","United Kingdom","2014UK05FMOP001","FEAD - United Kingdom","FEAD",,"2016","0","0","3944660","433912.6","0","0","0","0","0","0","0","433912.6","0","0","0","0","0","433912.6","11","11","N"
"IT","Italy","2014IT05SFOP014","Sicilia  - ESF","ESF","Less developed","2015","0","0","615072321","11563359.64","0","0","0","0","0","0","0","11563359.64","0","0","0","0","0","11563359.64","1.88000000084543","1.88000000084543","N"
"IT","Italy","2014IT16RFOP020","Valle d'Aosta - ERDF","ERDF","More developed","2015","0","0","32175475","604898.92","0","0","0","0","0","0","0","604898.92","0","0","0","0","0","604898.92","1.87999996892043","1.87999996892043","N"
"PL","Poland","2014PL05FMOP001","FEAD - Poland","FEAD",,"2016","0","0","473359260","52069518.6","0","0","0","0","0","0","0","52069518.6","57012302.13","0","0","0","57012302.13","109081820.73","23.0441928462538","23.0441928462538","N"
"DE","Germany","2014DE06RDRP012","Niedersachsen / Bremen - Rural Development","EAFRD",,"2023","0","0","1504628370","31401706.62","0","0","0","0","0","0","0","31401706.62","1156464348.75","0","0","0","1156464348.75","1187866055.37","78.9474716185233","78.9474716185233","N"
"PL","Poland","2014PL16M2OP006","Małopolskie Voivodeship - ERDF/ESF","ESF","Less developed","2020","0","0","806633462","22831516.95","0","0","100839199.87","5469253.68","0","55010062.17","0","63191400.97","385030295.41","5043493.88","0","0","385456055.21","448647456.18","55.6197427103514","55.6197427103514","N"
"FR","France","2014FR16M0OP008","Picardie - ERDF/ESF/YEI","ERDF","Transition","2014","0","0","219703414","0","0","0","0","0","0","0","0","0","0","0","0","0","0","0","0","0","N"
"DE","Germany","2014DE06RDRP010","Hessen - Rural Development","EAFRD",,"2022","0","0","430981401","9565949.73","0","0","0","0","0","0","0","9565949.73","331812195.33","0","0","0","331812195.33","341378145.06","79.2094842765616","79.2094842765616","N"
"IT","Italy","2014IT06RDRP009","Piemonte - Rural Development","EAFRD","EURI","2018","0","0","0","0","0","0","0","0","0","0","0","0","0","0","0","0","0","0",,,"N"
"TC","Interreg","2014TC16I5CB001","IPA CBC Hungary - Serbia","IPAE",,"2023","0","0","32562000","6730151","0","0","0","1640580.34","0","0","0","5089570.66","25831849","0","0","0","27472429.34","32562000","100","100","N"
"ES","Spain","2014ES06RDRP014","Navarra - Rural Development","EAFRD","EURI","2020","0","0","0","0","0","0","0","0","0","0","0","0","0","0","0","0","0","0",,,"N"
"TC","Interreg","2014TC16RFCB031","Interreg V-A - Lithuania-Poland","ERDF",,"2019","0","0","60153883","1594616.49","0","0","5649523.01","584314.78","0","3335784.09","0","3324040.63","16741714.27","0","0","0","17326029.05","20650069.68","34.3287393101456","34.3287393101456","N"
"PT","Portugal","2014PT16M2OP005","Lisboa - ERDF/ESF","ESF","More developed","2018","0","0","194453146","6932257.31","0","0","14187096.71","349798.28","0","8810684.64","0","11958871.1","29727687.25","0","0","0","30077485.53","42036356.63","21.6177302834689","21.6177302834689","N"
"ES","Spain","2014ES06RDRP016","La Rioja  - Rural Development","EAFRD",,"2016","0","0","70010129","2450354.52","0","0","0","0","0","0","0","2450354.52","13015507.16","0","0","0","13015507.16","15465861.68","22.0908915622767","22.0908915622767","N"
"FR","France","2014FR16M2OP003","Bretagne - ERDF/ESF","ESF","More developed","2017","0","0","62192699","1753834.11","0","0","2703827.59","0","0","1169222.74","0","3288438.96","4373210.55","0","0","0","4373210.55","7661649.51","12.3192105073298","12.3192105073298","N"
"SE","Sweden","2014SE16RFOP002","Småland and islands - ERDF","ERDF","More developed","2019","0","0","65081953","1861775.85","0","0","6311445.95","1087859.65","0","3464746.57","0","3620615.58","16444143.25","0","0","0","17532002.9","21152618.48","32.5015115634283","32.5015115634283","N"
"ES","Spain","2014ES05M9OP001","Youth Employment - ES - ESF/YEI","YEI Specific Allocation",,"2021","0","0","1392268322","33022371.03","273613931.35","273613931.35","189636055.76","8096887.58","0","114546055.18","0","100015484.03","999643590.47","104635299.41","0","0","903105178.64","1003120662.67","72.0493777542114","72.0493777542114","N"
"RO","Romania","2014RO16M1OP001","Large Infrastructure Programme - RO - ERDF/CF","ERDF","Less developed","2022","0","0","1998527507","93255012.16","0","0","371598328.06","78446663.7","0","209301223.1","0","177105453.42","1387174972.12","0","0","0","1465621635.82","1642727089.24","82.196871621042","82.196871621042","N"
"SE","Sweden","2014SE16RFOP009","National fund for investments in growth and jobs - ERDF","ERDF","More developed","2025","0","0","131350695","3757501.86","0","0","24323114.39","8847234.42","6423258.12","11434452.76","0","1375670.95","114704531.51","0","0","0","129975024.05","131350695","100","100","N"
"FR","France","2014FR16RFOP002","Interregional Loire - ERDF","ERDF","Transition","2024","0","0","19404000","547192.8","0","0","3581008.21","1482107.77","0","1838074.7","0","808018.54","17113873.69","0","0","0","18595981.46","19404000","100","100","N"
"NL","Netherlands","2014NL05SFOP001","Netherlands - ESF","ESF","More developed","2024","0","0","510282703","14306374.02","0","0","94043792.21","46783644.71","0","41476572.31","0","20089949.21","443161820.44","0","0","0","489945465.15","510035414.36","99.9515388943137","99.9515388943137","N"
"BG","Bulgaria","2014BG05M2OP001","Science and Education for Smart Growth  - BG - ESF/ERDF","ERDF","Less developed","2018","0","0","199921329","6863348.1","0","0","16872397.42","0","0","10580994.99","0","13154750.53","0","0","0","0","0","13154750.53","6.57996352655299","6.57996352655299","N"
"DE","Germany","2014DE06RDRP004","Bayern - Rural Development","EAFRD","EURI","2017","0","0","0","0","0","0","0","0","0","0","0","0","0","0","0","0","0","0",,,"N"
"DE","Germany","2014DE16RFOP001","Baden-Württemberg - ERDF","ERDF","More developed","2016","0","0","246585038","6953698.08","0","0","4635798.72","0","0","0","0","11589496.8","5981783.45","0","0","0","5981783.45","17571280.25","7.12585012964169","7.12585012964169","N"
"DE","Germany","2014DE06RDRP023","Thüringen - Rural Development","EAFRD",,"2016","0","0","679712049","20391361.47","0","0","0","0","0","0","0","20391361.47","59683565.49","0","0","0","59683565.49","80074926.96","11.7807131825612","11.7807131825612","N"
"IT","Italy","2014IT05SFOP013","Piemonte  - ESF","ESF","More developed","2020","0","0","436145000","12299289","0","0","54321859.76","18700557.17","0","18015561.98","0","29905029.61","244079680.51","0","0","0","262780237.68","292685267.29","67.1073306560891","67.1073306560891","N"
"CZ","Czechia","2014CZ05M9OP001","Employment, Human Capital and Social Cohesion - CZ - ESF/YEI","ESF","Less developed","2023","0","0","2240390454","56922758.19","0","0","386648274.96","148958894.45","0","159646245.78","0","134965892.92","1955487602.75","0","0","0","2104446497.2","2239412390.12","99.9563440435905","99.9563440435905","N"
"CY","Cyprus","2014CY05M9OP001","Employment, Human Capital and Social Cohesion - CY - ESF/YEI","YEI ESF Matching Component",,"2023","0","0","18136793","462884.04","0","0","2462243.93","1628422.82","0","1098967.82","0","197737.33","13074715.24","0","0","0","14703138.06","14900875.39","82.1582701528324","82.1582701528324","N"
"FR","France","2014FR16M0OP002","Auvergne - ERDF/ESF/YEI","YEI ESF Matching Component",,"2017","0","0","6069483","182084.49","0","0","280713.59","27243.3","0","94146.36","0","341408.42","1941399.54","0","0","0","1968642.84","2310051.26","38.0600993527785","38.0600993527785","N"
"UK","United Kingdom","2014UK16RFOP003","Northern Ireland - ERDF","ERDF","Transition","2020","0","0","313254888","8686435.74","0","0","38788728.5","10714162.84","0","19034347.17","0","17726654.23","159644189.55","0","0","0","170358352.39","188085006.62","60.0421617746632","60.0421617746632","N"
"FR","France","2014FR16M0OP015","Lorraine et Vosges - ERDF/ESF/YEI","YEI Specific Allocation",,"2019","0","0","1299615","0","0","0","66825.06","0","0","32670.03","0","34155.03","426367.39","0","0","0","426367.39","460522.42","35.4352958376134","35.4352958376134","N"
"CZ","Czechia","2014CZ16RFOP002","Integrated Regional Programme - CZ - ERDF","ERDF","More developed","2018","0","0","24149612","681019.05","0","0","1674171.83","0","0","1049904.37","0","1305286.51","245304.92","0","0","0","245304.92","1550591.43","6.42077160494339","6.42077160494339","N"
"LT","Lithuania","2014LT16MAOP001","EU Structural Funds Investments - LT - ERDF/ESF/CF/YEI","YEI Specific Allocation",,"2017","0","0","31782633","953478.99","9216963.57","9216963.57","1469946.78","0","0","635652.66","0","1787773.11","7210976.18","0","0","0","7210976.18","8998749.29","28.3134166071137","28.3134166071137","N"
"SK","Slovakia","2014SK05M0OP001","Human Resources - SK - ESF/ERDF/YEI","ESF","More developed","2018","0","0","57280250","1615303.05","0","0","3970953.33","0","0","2490258.87","0","3095997.51","5665470.71","1305812.26","0","0","4359658.45","7455655.96","13.0161023389388","13.0161023389388","N"
"FI","Finland","2014FI06RDRP002","Åland - Rural Development","EAFRD",,"2021","0","0","27560659.36","621270","0","0","0","0","0","0","0","621270","20167996.71","0","0","0","20167996.71","20789266.71","75.4309482891849","75.4309482891849","N"
"GR","Greece","2014GR16M2OP011","Crete - ERDF/ESF","ESF","Transition","2018","0","0","67964514","2187184.64","3827573.12","0","4283166.61","767946","0","1760986.23","0","7768992.14","20889958.05","0","0","0","21657904.05","29426896.19","43.2974422358115","43.2974422358115","N"
"LT","Lithuania","2014LT16MAOP001","EU Structural Funds Investments - LT - ERDF/ESF/CF/YEI","CF",,"2014","0","0","2048917626","19259825.68","0","0","0","0","0","0","0","19259825.68","0","0","0","0","0","19259825.68","0.939999999785252","0.939999999785252","N"
"ES","Spain","2014ES16RFSM001","SME Initiative - ES - ERDF","ERDF","Transition","2014","0","0","161795836","2426937.54","0","0","0","0","0","0","0","2426937.54","0","0","0","0","0","2426937.54","1.5","1.5","N"
"IT","Italy","2014IT06RDRP014","Veneto - Rural Development","EAFRD","EURI","2018","0","0","0","0","0","0","0","0","0","0","0","0","0","0","0","0","0","0",,,"N"
"DK","Denmark","2014DK06RDNP001","Denmark - National Rural Development","EAFRD","EURI","2014","0","0","0","0","0","0","0","0","0","0","0","0","0","0","0","0","0","0",,,"N"
"FR","France","2014FR16M0OP014","Bourgogne - ERDF/ESF/YEI","ESF","More developed","2020","0","0","37140477","1133580","0","0","4758766.64","1278404.5","0","2481529.52","0","2132412.62","22547255.83","0","0","0","23825660.33","25958072.95","69.8915981881439","69.8915981881439","N"
"BE","Belgium","2014BE05M9OP002","Brussels-Capital Region : Investment for growth and jobs - ESF/YEI","ESF","More developed","2017","0","0","37932758","1134348.33","0","0","1748787.01","0","0","873654.42","0","2009480.92","5462606.7","0","0","0","5462606.7","7472087.62","19.6982450366514","19.6982450366514","N"
"DE","Germany","2014DE16M2OP001","Niedersachsen - ERDF/ESF","ERDF","More developed","2020","0","0","487864082","13068088.38","0","0","57717390.35","2390634.51","0","32125717.27","0","36269126.95","212768706.91","1197358.27","0","0","213961983.15","250231110.1","51.291152460779","51.291152460779","N"
"GR","Greece","2014GR16M2OP011","Crete - ERDF/ESF","ESF","Transition","2017","0","0","67964514","2187184.64","3827573.12","0","2528932.23","347835.65","0","745756.67","0","7450097.67","10959914.65","0","0","0","11307750.3","18757847.97","27.5994734104918","27.5994734104918","N"
"RO","Romania","2014RO06RDNP001","Romania - National Rural Development","EAFRD",,"2015","0","0","8127996402","243839892.06","0","0","0","0","0","0","0","243839892.06","0","0","0","0","0","243839892.06","3","3","N"
"PT","Portugal","2014PT16M2OP005","Lisboa - ERDF/ESF","ERDF","More developed","2024","0","0","622627637","20469376.73","0","0","114848870.12","38292650.92","0","66028517.8","0","30997078.13","569963167.23","16625259.28","0","0","591630558.87","622627637","100","100","N"
"TC","Interreg","2014TC16RFTN002","Interreg V-B - Atlantic Area","ERDF",,"2019","0","0","140013194","4200395.82","0","0","14351352.39","80563.09","0","10245409.97","0","8225775.15","12848685.52","0","0","0","12929248.61","21155023.76","15.1093073128522","15.1093073128522","N"
"SK","Slovakia","2014SK16RFOP002","Integrated Regional Programme - SK - ERDF","ERDF","Less developed","2023","0","0","1578083169","46963787.58","0","0","299673190.62","53021935.56","0","173503776.8","0","120111265.84","1409458056.32","8793990.97","0","0","1453686000.91","1573797266.75","99.7284108762965","97.3296908978357","N"
"PL","Poland","2014PL16M2OP013","Świętokrzyskie Voivodeship - ERDF/ESF","ERDF","REACT-EU","2023","0","0","18950572","7156086.3","0","0","697059.72","0","0","318048.28","0","7535097.74","4162542.5","0","0","0","4162542.5","11697640.24","61.7271090286879","61.7271090286879","N"
"HU","Hungary","2014HU16M1OP003","Integrated Transport - HU - ERDF/CF","ERDF","Less developed","2018","0","0","631099276","17796999.6","0","0","43750957.35","0","0","27437041.05","0","34110915.9","196738768.42","0","0","0","196738768.42","230849684.32","36.5789810096375","36.5789810096375","N"
"FR","France","2014FR06RDRP041","Lorraine - Rural Development","EAFRD","EURI","2021","0","0","33798911","0","0","0","0","0","0","0","0","0","0","0","0","0","0","0","0","0","N"
"IT","Italy","2014IT16RFOP002","Infrastructures and Networks - IT - ERDF","ERDF","Less developed","2016","0","0","1382800000","38994960","0","0","25996640","0","0","0","0","64991600","0","0","0","0","0","64991600","4.7","4.7","N"
"ES","Spain","2014ES16RFOP012","Ceuta  - ERDF","ERDF","More developed","2017","0","0","45377141","1436832.25","0","0","1898671.18","0","0","821047","0","2514456.43","0","0","0","0","0","2514456.43","5.54124031304661","5.54124031304661","N"
"IT","Italy","2014IT05M9OP001","Youth Employment - IT - ESF/YEI","ESF","Transition","2014","0","0","0","0","0","0","0","0","0","0","0","0","0","0","0","0","0","0",,,"N"
"TC","Interreg","2014TC16RFCB051","Interreg V-A - Mayotte-Comores-Madagascar","ERDF",,"2021","0","0","11651527","360866.49","0","0","1820262.85","0","0","1241401.92","0","939727.42","1186069.72","666660.26","0","0","519409.46","1459136.88","12.5231386409695","12.130277433075","N"
"ES","Spain","2014ES05SFOP001","La Rioja  - ESF","ESF","More developed","2022","0","0","11359424","360382.58","0","0","1613890.28","770799.02","0","965222.91","0","238250.93","10350374.05","0","0","0","11121173.07","11359424","100","100","N"
"PT","Portugal","2014PT16M2OP005","Lisboa - ERDF/ESF","ESF","More developed","2021","0","0","194453146","6932257.31","0","0","28814834.55","6334195.39","0","15560111.15","0","13852785.32","113055532.12","0","0","0","119389727.51","133242512.83","68.5216544812291","68.5216544812291","N"
"BE","Belgium","2014BE16RFOP002","Flanders - ERDF","ERDF","More developed","2017","0","0","175592099","4894540.29","0","0","7545749.61","0","0","3263026.86","0","9177263.04","11982823.44","0","0","0","11982823.44","21160086.48","12.0507053566231","12.0507053566231","N"
"IT","Italy","2014IT05SFOP012","Veneto  - ESF","ESF","More developed","2019","0","0","382015911","10772848.68","0","0","36807233","2876956.37","0","23606296.64","0","21096828.67","100512331.18","2929797.67","0","0","100459489.88","121556318.55","31.8197004495972","31.8197004495972","N"
"IT","Italy","2014IT05SFOP004","Friuli-Venezia Giulia - ESF","ESF","More developed","2021","0","0","138213907","3897632.19","0","0","19978820.31","6118292.39","0","9153294.6","0","8604865.51","72402290.26","0","0","0","78520582.65","87125448.16","63.0366726844644","63.0366726844644","N"
"CZ","Czechia","2014CZ16M1OP002","Environment  - CZ - ERDF/CF","ERDF","Less developed","2018","0","0","473570378","11134037.37","0","0","27371175.2","112650.8","0","17052323.48","0","21340238.29","25846431.72","0","0","0","25959082.52","47299320.81","9.98781237326461","9.98781237326461","N"
"TC","Interreg","2014TC16M4TN002","Interreg V-B - Adriatic-Ionian","ERDF",,"2016","0","0","83467729","2504031.87","0","0","1669354.58","0","0","0","0","4173386.45","0","0","0","0","0","4173386.45","5","5","N"
"IT","Italy","2014IT06RDRP005","Lazio - Rural Development","EAFRD","EURI","2022","0","0","37373201.81","0","0","0","0","0","0","0","0","0","0","0","0","0","0","0","0","0","N"
"FR","France","2014FR16M0OP008","Picardie - ERDF/ESF/YEI","YEI ESF Matching Component",,"2024","0","0","11458310","214580.34","0","0","1993980.43","455157.81","0","1064025.44","0","689377.52","10319335.4","0","0","0","10774493.21","11463870.73","100.048530106098","100.048530106098","N"
"DE","Germany","2014DE06RDRP019","Sachsen - Rural Development","EAFRD",,"2016","0","0","878973146","26369194.38","0","0","0","0","0","0","0","26369194.38","69162759.63","0","0","0","69162759.63","95531954.01","10.8685861956925","10.8685861956925","N"
"ES","Spain","2014ES06RDRP013","Murcia - Rural Development","EAFRD","EURI","2019","0","0","0","0","0","0","0","0","0","0","0","0","0","0","0","0","0","0",,,"N"
"IT","Italy","2014IT16M2OP003","Legality - IT - ERDF/ESF","ERDF","Transition","2020","0","0","7990640","0","0","0","1053975.09","0","0","336050.03","0","717925.06","97879.49","0","0","0","97879.49","815804.55","10.209501992331","10.209501992331","N"
"FR","France","2014FR06RDRP054","Poitou-Charentes - Rural Development","EAFRD","EURI","2018","0","0","0","0","0","0","0","0","0","0","0","0","0","0","0","0","0","0",,,"N"
"PT","Portugal","2014PT16M2OP001","Norte - ERDF/ESF","ESF","Less developed","2021","0","0","567134982","19179587.42","0","0","88203462.74","8671185.17","0","54365595.34","0","44346269.65","298976918.57","0","0","0","307648103.74","351994373.39","62.0653609037998","62.0653609037998","N"
"IT","Italy","2014IT06RDRP014","Veneto - Rural Development","EAFRD",,"2024","0","0","651273776.29","15320370","0","0","0","0","0","0","0","15320370","569927602.36","0","0","0","569927602.36","585247972.36","89.8620509018315","89.8620509018315","N"
"FR","France","2014FR16M0OP004","Champagne-Ardenne - ERDF/ESF/YEI","ERDF","More developed","2023","0","0","181550137","5119713.87","0","0","29874075.09","12805740.63","0","13547895.22","0","8640153.11","160104243.26","0","0","0","172909983.89","181550137","100","100","N"
"ES","Spain","2014ES06RDRP009","Cataluña  - Rural Development","EAFRD","EURI","2015","0","0","0","0","0","0","0","0","0","0","0","0","0","0","0","0","0","0",,,"N"
"PL","Poland","2014PL16M2OP013","Świętokrzyskie Voivodeship - ERDF/ESF","ESF","Less developed","2019","0","0","383839527","10824274.65","0","0","36982938.38","4242154.73","0","22367520.44","0","21197537.86","139709458.03","361520","0","0","143590092.76","164787630.62","42.9313864332685","42.9313864332685","N"
"ES","Spain","2014ES05M9OP001","Youth Employment - ES - ESF/YEI","ESF","Less developed","2022","0","0","27478987","489626.24","0","0","4138633.22","1328262.74","0","2598181.7","0","701815.02","4776589.88","-883946.92","0","0","6988799.54","7690614.56","27.9872564443515","27.9872564443515","N"
"PT","Portugal","2014PT16M2OP006","Madeira - ERDF/ESF","ERDF","REACT-EU","2022","0","0","58250791","6255000","0","0","1668000","0","0","834000","0","7089000","20970962.27","0","0","0","20970962.27","28059962.27","48.1709549145865","48.1709549145865","N"
"ES","Spain","2014ES06RDRP002","Aragón  - Rural Development","EAFRD","EURI","2018","0","0","0","0","0","0","0","0","0","0","0","0","0","0","0","0","0","0",,,"N"
"TC","Interreg","2014TC16M5CB009",,"ENI",,"2019","0","0","183078184","0","0","0","0","0","0","0","0","0","0","0","0","0","0","0","0","0","N"
"TC","Interreg","2014TC16M4TN003","Interreg V-B - Balkan-Mediterranean","ERDF",,"2022","0","0","28330108","849903.24","0","0","4886943.66","414795.85","0","3091055.04","0","2230996.01","23384199.06","0","0","0","23798994.91","26029990.92","91.8810154906575","91.8810154906575","N"
"HR","Croatia","2014HR16M1OP001","Competitiveness and Cohesion  - HR - ERDF/CF","ERDF","Less developed","2020","0","0","4700499588","121866288.39","0","0","538242773.75","72005310.32","0","283000468.13","0","305103283.69","1686819572.16","0","0","0","1758824882.48","2063928166.17","43.9086979485977","43.9086979485977","N"
"PT","Portugal","2014PT16M2OP007","Algarve - ERDF/ESF","ESF","Transition","2015","0","0","94355240","2217348.13","0","0","0","0","0","0","0","2217348.13","0","0","0","0","0","2217348.13","2.34999998940175","2.34999998940175","N"
"TC","Interreg","2014TC16M4TN002","Interreg V-B - Adriatic-Ionian","IPAE",,"2017","0","0","15688887","470666.61","0","0","725611.02","0","0","0","0","1196277.63","0","313777.74","0","0","-313777.74","882499.89","5.62499997609773","5.62499997609773","N"
"RO","Romania","2014RO14MFOP001","Maritime and Fisheries - Romania","EMFF",,"2021","0","0","168421371","6332643.56","0","0","24345309.23","4522215.74","0","13367549.01","0","12788188.04","68211746.25","0","0","0","72733961.99","85522150.03","50.7786805927378","50.7786805927378","N"
"FR","France","2014FR16RFOP005","Interregional Rhône Saône - ERDF","ERDF","More developed","2020","0","0","13596000","383407.2","0","0","1693381.81","303569.16","0","704626.99","0","1068592.86","4610996.47","0","0","0","4914565.63","5983158.49","44.0067555898794","44.0067555898794","N"
"HU","Hungary","2014HU05M2OP001","Human Resources Development - HU - ESF/ERDF","ERDF","Less developed","2018","0","0","904816497","25515825.24","0","0","62726403.71","0","0","39336897.24","0","48905331.71","133799005.28","0","0","0","133799005.28","182704336.99","20.1924188601526","20.1924188601526","N"
"FR","France","2014FR16M2OP011","Guyane - ERDF/ESF","ERDF","Outermost or Northern Sparsely Populated","2018","0","0","52052805","1467889.11","0","0","3608560.73","324029.37","0","1938966.34","0","2813454.13","12418706.16","0","0","0","12742735.53","15556189.66","29.8854012958572","29.8854012958572","N"
"MT","Malta","2014MT16RFSM001","SME initiative - MT - ERDF","ERDF","Transition","2023","0","0","29000000","450000","0","0","3228750","1472308.22","0","1872500","0","333941.78","26827691.78","0","0","0","28300000","28633941.78","98.7377302758621","98.7377302758621","N"
"ES","Spain","2014ES16RFOP018","Melilla  - ERDF","ERDF","Transition","2015","0","0","48914685","1149495.1","0","0","0","0","0","0","0","1149495.1","0","0","0","0","0","1149495.1","2.35000000511094","2.35000000511094","N"
"RO","Romania","2014RO16M1OP001","Large Infrastructure Programme - RO - ERDF/CF","ERDF","Less developed","2015","0","0","2483527507","69941259.12","0","0","0","0","0","0","0","69941259.12","0","0","0","0","0","69941259.12","2.81620634049213","2.81620634049213","N"
"HU","Hungary","2014HU16M1OP001","Environmental and Energy Efficiency  - HU - ERDF/CF","ERDF","Less developed","2015","0","0","85836949","1613734.64","0","0","0","0","0","0","0","1613734.64","0","0","0","0","0","1613734.64","1.879999998602","1.879999998602","N"
"TC","Interreg","2014TC16RFTN003","Interreg V-B - Central Europe","ERDF",,"2022","0","0","246581112","7397433.36","0","0","42535241.82","15833419.83","0","19531158.16","0","14568097.19","194803323.66","0","0","0","210636743.49","225204840.68","91.3309372536206","91.3309372536206","N"
"UK","United Kingdom","2014UK05SFOP004","Northern Ireland - ESF","ESF","Transition","2018","0","0","210578341","5790957.15","0","0","14371175.82","0","0","8927725.61","0","11234407.36","34611786.35","0","0","0","34611786.35","45846193.71","21.7715618293336","21.7715618293336","N"
"IT","Italy","2014IT05SFOP009","Abruzzo  - ESF","ESF","Transition","2022","0","0","69251575","2009294.4","0","0","11644446.6","2899814.12","0","6121926.75","0","4632000.13","60891440.94","0","0","0","63791255.06","68423255.19","98.8038975142443","98.8038975142443","N"
"SI","Slovenia","2014SI06RDNP001","Slovenia - National Rural Development","EAFRD",,"2016","0","0","837849803","25135494.09","0","0","0","0","0","0","0","25135494.09","107194032.55","0","0","0","107194032.55","132329526.64","15.7939437553344","15.7939437553344","N"
"FR","France","2014FR16M0OP011","Martinique - ERDF/ESF/YEI","YEI",,"2015","0","0","5023390","100467.78","728391.55","0","0","0","0","0","0","828859.33","0","0","0","0","0","828859.33","16.4999996018625","16.4999996018625","N"
"AT","Austria","2014AT05FMOP001","FEAD - Austria","FEAD",,"2022","0","0","18032733","1983600.63","0","0","0","0","0","0","0","1983600.63","16049132.37","0","0","0","16049132.37","18032733","100","100","N"
"FR","France","2014FR05M9OP001","Youth Employment - FR - ESF/YEI","ESF","Less developed","2025","6990342.32","0","604693","18140.79","0","0","115645.02","19941.62","0","69993.82","0","43850.37","544223.7","0","0","0","564165.32","608015.69","100.549483787641","8.00543597735369","N"
"TC","Interreg","2014TC16M6TN001","Interreg V-B - Danube","IPAE",,"2015","0","0","19829192","396583.84","0","0","0","0","0","0","0","396583.84","0","0","0","0","0","396583.84","2","2","N"
"IE","Ireland","2014IE05M9OP001","Ireland - ESF/YEI","YEI",,"2017","0","0","136290838","4770179.34","19762171.51","19762171.51","6303451.26","0","0","2725816.76","0","8347813.84","0","0","0","0","0","8347813.84","6.12500000917156","6.12500000917156","N"
"FR","France","2014FR16RFOP004","Interregional Pyrénées - ERDF","ERDF","More developed","2019","0","0","10247674","290460","0","0","990900.64","49534.78","0","664512.73","0","567313.13","2557570.23","0","0","0","2607105.01","3174418.14","30.9769625770687","30.819593592233","N"
"HR","Croatia","2014HR05M9OP001","Efficient Human Resources - HR - ESF/YEI","YEI ESF Matching Component",,"2014","0","0","66177144","661771.44","0","0","0","0","0","0","0","661771.44","0","0","0","0","0","661771.44","1","1","N"
"FR","France","2014FR16RFOP007","Réunion – ERDF","ERDF","Outermost or Northern Sparsely Populated","2022","0","0","190284816","5366031.78","0","0","31311366.34","5086774.35","0","20462542.4","0","11128081.37","119556557.89","0","0","0","124643332.24","135771413.61","71.3516803200945","71.3516803200945","N"
"PL","Poland","2014PL16M2OP016","Zachodniomorskie Voivodeship - ERDF/ESF","ERDF","Less developed","2021","0","0","1178818353","32453077.56","0","0","166910792.96","55065582.09","0","81933802.64","0","62364485.79","823567854.58","0","0","0","878633436.67","940997922.46","79.8255235902321","79.8255235902321","N"
"LU","Luxembourg","2014LU06RDNP001","Luxembourg - National Rural Development","EAFRD","EURI","2021","0","0","8810425","0","0","0","0","0","0","0","0","0","2020466.81","0","0","0","2020466.81","2020466.81","22.9326827025938","22.9326827025938","N"
"FR","France","2014FR05M9OP001","Youth Employment - FR - ESF/YEI","ESF","Less developed","2026","6990342.32","0","604693","18140.79","0","0","115645.02","19941.62","0","69993.82","0","43850.37","544223.7","0","0","0","564165.32","608015.69","100.549483787641","8.00543597735369","Y"
"ES","Spain","2014ES16RFOP021","País Vasco  - ERDF","ERDF","More developed","2020","0","0","179129007","5784204.3","0","0","22040873.75","2478307.24","0","11503374.89","0","13843395.92","73157481.69","0","0","0","75635788.93","89479184.85","49.9523702769144","49.9523702769144","N"
"DE","Germany","2014DE06RDRP019","Sachsen - Rural Development","EAFRD",,"2014","0","0","816860146","8168601.46","0","0","0","0","0","0","0","8168601.46","0","0","0","0","0","8168601.46","1","1","N"
"ES","Spain","2014ES16RFOP021","País Vasco  - ERDF","ERDF","REACT-EU","2023","0","0","319148469","41787633.15","0","0","12765938.76","3347949.03","0","3035020.35","0","48170602.53","263688041.7","0","0","0","267035990.73","315206593.26","98.7648771268271","98.7648771268271","N"
"FR","France","2014FR05M9OP001","Youth Employment - FR - ESF/YEI","ESF","Transition","2026","6884953.88","0","733190","21995.7","0","0","142338.05","25610.72","0","86516.8","0","52206.23","659870.9","0","0","0","685481.62","737687.85","100.613463085967","9.68330162333453","Y"
"SK","Slovakia","2014SK06RDNP001","Slovakia - National Rural Development","EAFRD","EURI","2017","0","0","0","0","0","0","0","0","0","0","0","0","0","0","0","0","0","0",,,"N"
"MT","Malta","2014MT06RDNP001","Malta - National Rural Development","EAFRD",,"2019","0","0","97326898","2919806.94","0","0","0","0","0","0","0","2919806.94","31581572.53","0","0","0","31581572.53","34501379.47","35.4489665025592","35.4489665025592","N"
"TC","Interreg","2014TC16I5CB008","IPA CBC Italy – Albania - Montenegro","IPAE",,"2019","0","0","39400711","8143625.5","0","0","0","0","0","0","0","8143625.5","1378735.1","0","0","0","1378735.1","9522360.6","24.167991790808","24.167991790808","N"
"NL","Netherlands","2014NL16RFOP001","North Netherlands - ERDF","ERDF","REACT-EU","2023","0","0","44986704","6748005.6","0","0","2699202.24","50687.83","0","1748780.33","0","7647739.68","16665899.53","0","0","0","16716587.36","24364327.04","54.158951142542","54.158951142542","N"
"DK","Denmark","2014DK06RDNP001","Denmark - National Rural Development","EAFRD",,"2014","0","0","629400690","6294006.9","0","0","0","0","0","0","0","6294006.9","0","0","0","0","0","6294006.9","1","1","N"
"TC","Interreg","2014TC16I5CB006","IPA CBC Bulgaria – Republic of North Macedonia","IPAE",,"2015","0","0","8271217","599033","0","0","0","0","0","0","0","599033","0","0","0","0","0","599033","7.24238041391007","7.24238041391007","N"
"FR","France","2014FR05M9OP001","Youth Employment - FR - ESF/YEI","ESF","More developed","2026","7361385.65","0","662117","19863.51","0","0","127016.96","21835.35","0","76944.42","0","48100.7","595905.3","0","0","0","617740.65","665841.35","100.56249122134","8.29863688024083","Y"
"FR","France","2014FR05M9OP001","Youth Employment - FR - ESF/YEI","ESF","More developed","2025","7361385.65","0","662117","19863.51","0","0","127016.96","21835.35","0","76944.42","0","48100.7","595905.3","0","0","0","617740.65","665841.35","100.56249122134","8.29863688024083","N"
"FR","France","2014FR06RDRP042","Alsace - Rural Development","EAFRD","EURI","2023","0","0","8385875","0","0","0","0","0","0","0","0","0","2546707.08","0","0","0","2546707.08","2546707.08","30.3690083622759","30.3690083622759","N"
"RO","Romania","2014RO16RFOP001","Competitiveness Programme - RO - ERDF","ERDF","Less developed","2022","0","0","1471263537","40579636.88","0","0","193270588.65","15362669.81","0","119316034.09","0","99171521.63","901784715.67","0","0","0","917147385.48","1016318907.11","69.0779647256357","69.0779647256357","N"
"SE","Sweden","2014SE16RFOP006","North-Central Sweden - ERDF","ERDF","More developed","2020","0","0","144955259","4146682.68","0","0","18145049.71","5412072.71","0","6963809.91","0","9915849.77","71484703.66","0","0","0","76896776.37","86812626.14","59.8892559944997","59.8892559944997","N"
"DE","Germany","2014DE16RFOP013","Sachsen-Anhalt - ERDF","ERDF","Transition","2020","0","0","1427495230","40255365.48","0","0","177794530.89","12315893.63","0","95930626.59","0","109803376.15","285395033.78","0","0","0","297710927.41","407514303.56","28.5475071997263","28.5475071997263","N"
"NL","Netherlands","2014NL16RFOP002","West Netherlands - ERDF","ERDF","More developed","2018","0","0","190588176","5353687.02","0","0","13180305.19","0","0","8253600.82","0","10280391.39","26980455.57","0","0","0","26980455.57","37260846.96","19.550450474955","19.550450474955","N"
"RO","Romania","2014RO16RFOP001","Competitiveness Programme - RO - ERDF","ERDF","More developed","2022","0","0","358523697","9359521.09","0","0","45344361.46","12490379.14","0","21668290.09","0","20545213.32","321523501.73","0","0","0","334013880.87","354559094.19","98.8941866763133","98.8941866763133","N"
"RO","Romania","2014RO16M1OP001","Large Infrastructure Programme - RO - ERDF/CF","CF",,"2019","0","0","6934996977","260755886.36","0","0","668186958.8","45957467.63","0","434811197.85","0","448174179.68","1616163134.42","0","0","0","1662120602.05","2110294781.73","30.4296424169876","30.4296424169876","N"
"IT","Italy","2014IT06RDRP019","Campania - Rural Development","EAFRD",,"2020","0","0","1096589000","33328050","0","0","0","0","0","0","0","33328050","517309178","0","0","0","517309178","550637228","50.2136377439497","50.2136377439497","N"
"FR","France","2014FR05M9OP001","Youth Employment - FR - ESF/YEI","ESF","Transition","2025","6884953.88","0","733190","21995.7","0","0","142338.05","25610.72","0","86516.8","0","52206.23","659870.9","0","0","0","685481.62","737687.85","100.613463085967","9.68330162333453","N"
"ES","Spain","2014ES05SFOP012","Social inclusion and social economy - ES - ESF","ESF","Less developed","2016","0","0","76111584","2504071.08","0","0","1430897.76","0","0","0","0","3934968.84","0","0","0","0","0","3934968.84","5.16999993062817","5.16999993062817","N"
"BE","Belgium","2014BE05SFOP002","Flanders - ESF","ESF","More developed","2015","0","0","393902973","7405375.9","0","0","0","0","0","0","0","7405375.9","0","0","0","0","0","7405375.9","1.88000000192941","1.88000000192941","N"
"IT","Italy","2014IT06RDRP012","Umbria - Rural Development","EAFRD",,"2020","0","0","400392000","11340360","0","0","0","0","0","0","0","11340360","207382571.22","0","0","0","207382571.22","218722931.22","54.6271981508122","54.6271981508122","N"
"FR","France","2014FR06RDRP054","Poitou-Charentes - Rural Development","EAFRD",,"2018","0","0","411315290","12339458.7","0","0","0","0","0","0","0","12339458.7","119598961.64","0","0","0","119598961.64","131938420.34","32.0771980881139","32.0771980881139","N"
"TC","Interreg","2014TC16RFCB050","Interreg V-A - Estonia-Latvia","ERDF",,"2016","0","0","38020684","1140620.52","0","0","760413.68","0","0","0","0","1901034.2","0","0","0","0","0","1901034.2","5","5","N"
"SE","Sweden","2014SE16M2OP001","Community-led local Development - SE - ERDF/ESF","ERDF","More developed","2026","0","76413.94","8485112","239840.52","0","0","1567806.19","285277.94","153433.23","1052681.08","76413.94","239840.52","7504906.88","358714.96","0","0","7584903.09","7901157.55","93.1178934349953","92.0730818596673","Y"
"SE","Sweden","2014SE16M2OP001","Community-led local Development - SE - ERDF/ESF","ERDF","More developed","2025","0","76413.94","8485112","239840.52","0","0","1567806.19","285277.94","153433.23","1052681.08","76413.94","239840.52","7504906.88","358714.96","0","0","7584903.09","7901157.55","93.1178934349953","92.0730818596673","N"
"DK","Denmark","2014DK16RFOP001","Innovation and Sustainable Growth in Businesses - DK - ERDF","ERDF","More developed","2018","0","0","164596155","4641611.61","0","0","11410628.55","915369.84","0","6240448.07","0","8896422.25","29001232.19","0","0","0","29916602.03","38813024.28","23.5807600001349","23.5807600001349","N"
"BE","Belgium","2014BE16RFOP001","Brussels Capital Region - ERDF","ERDF","More developed","2020","0","0","95777508","2669747.76","0","0","11881017.73","1400190.44","0","5776237.81","0","7374337.24","26085631.59","0","0","0","27485822.03","34860159.27","36.3970205510045","36.3970205510045","N"
"FR","France","2014FR16M0OP003","Centre - ERDF/ESF/YEI","ESF","More developed","2025","399979.12","0","46082365","1468746.72","0","0","9651972.67","2993929.61","0","5790072.8","0","2336716.98","41124870.27","141231.25","0","0","43977568.63","46314285.61","100.503274104964","99.6384465689464","N"
"ES","Spain","2014ES05SFOP002","Employment training and education - ES - ESF","ESF","More developed","2016","0","0","707173675","23242898.81","0","0","13281656.46","0","0","0","0","36524555.27","0","0","0","0","0","36524555.27","5.16486353511392","5.16486353511392","N"
"BG","Bulgaria","2014BG05FMOP001","FEAD - Bulgaria","FEAD",,"2016","0","0","104815264","11529679.04","0","0","0","0","0","0","0","11529679.04","4671994.63","0","0","0","4671994.63","16201673.67","15.4573609336136","15.4573609336136","N"
"ES","Spain","2014ES05SFOP002","Employment training and education - ES - ESF","ESF","More developed","2024","0","0","783979321","23242898.81","0","0","138357291.38","49590427.06","0","83288989.88","0","28720773.25","683868304.29","0","0","0","733458731.35","762179504.6","97.2193378299579","97.2193378299579","N"
"DE","Germany","2014DE06RDRP017","Rheinland-Pfalz - Rural Development","EAFRD",,"2021","0","0","402885236","8634126.96","0","0","0","0","0","0","0","8634126.96","192478918.24","0","0","0","192478918.24","201113045.2","49.9181968534583","49.9181968534583","N"
"FR","France","2014FR06RDRP011","Île-de-France - Rural Development","EAFRD",,"2019","0","0","58061868","1741856.04","0","0","0","0","0","0","0","1741856.04","21189687.62","0","0","0","21189687.62","22931543.66","39.4950153171097","39.4950153171097","N"
"ES","Spain","2014ES16RFOP009","Castilla y León  - ERDF","ERDF","More developed","2021","0","0","328901705","10312365.91","0","0","47219262.71","7075079.39","0","28828191.53","0","21628357.7","279788076.34","0","0","0","286863155.73","308491513.43","93.794440326784","93.1960939031731","N"
"PL","Poland","2014PL16M2OP011","Pomorskie Voivodeship - ERDF/ESF","ERDF","Less developed","2024","0","0","1340249168","37795026.54","0","0","247342983.98","84423312.68","0","140449965.71","0","60264732.13","1195561123.19","0","0","0","1279984435.87","1340249168","100","100","N"
"FR","France","2014FR16M0OP011","Martinique - ERDF/ESF/YEI","YEI ESF Matching Component",,"2024","0","0","3781101","75350.85","0","0","669151.91","109540.38","0","472709.61","0","162252.77","1296648.48","0","0","0","1406188.86","1568441.63","41.4810826264625","41.4810826264625","N"
"TC","Interreg","2014TC16RFCB043","Interreg V-A - Saint Martin-Sint Maarten","ERDF",,"2016","0","0","10000000","300000","0","0","200000","0","0","0","0","500000","0","0","0","0","0","500000","5","5","N"
"FR","France","2014FR16M0OP007","Midi-Pyrénées et Garonne - ERDF/ESF/YEI","YEI",,"2019","0","0","7350374","152820.42","738632.03","0","643362.04","94873.08","0","340076.3","0","1099865.11","1092205.05","0","0","0","1187078.13","2286943.24","31.1132908339086","31.1132908339086","N"
"FR","France","2014FR16M2OP010","Rhône-Alpes - ERDF/ESF","ERDF","REACT-EU","2023","0","0","160539061","19212716.7","0","0","8334172.34","2561695.56","0","2561695.56","0","22423497.92","135553867.52","0","0","0","138115563.08","160539061","100","100","N"
"PL","Poland","2014PL16M1OP001","Infrastructure and Environment - PL - ERDF/CF","CF",,"2017","0","0","22507865679","633461590.08","0","0","976586618.04","39945911.4","0","382361815.32","0","1187740481.4","2964125537.47","0","0","0","3004071448.87","4191811930.27","18.6237646432242","18.6237646432242","N"
"FI","Finland","2014FI06RDRP001","Mainland Finland - Rural Development","EAFRD","EURI","2014","0","0","0","0","0","0","0","0","0","0","0","0","0","0","0","0","0","0",,,"N"
"IT","Italy","2014IT06RDRP011","Trento - Rural Development","EAFRD",,"2019","0","0","127898000","3887160","0","0","0","0","0","0","0","3887160","60723837.78","0","0","0","60723837.78","64610997.78","50.5175982267119","50.5175982267119","N"
"HU","Hungary","2014HU16M0OP001","Economic Development and Innovation Programme - HU - ERDF/ESF/YEI","YEI",,"2017","0","0","99530712","2985921.36","14431953.24","0","4603295.44","908323.2","0","1082291.04","0","20030555.8","62536571.35","0","0","0","63444894.55","83475450.35","83.8690376795456","83.8690376795456","N"
"FR","France","2014FR16M0OP002","Auvergne - ERDF/ESF/YEI","ERDF","Transition","2024","0","0","215442139","6075468.36","0","0","39759846.93","14055563.77","0","20261183.23","0","11518568.29","189868006.94","0","0","0","203923570.71","215442139","100","100","N"
"LT","Lithuania","2014LT16MAOP001","EU Structural Funds Investments - LT - ERDF/ESF/CF/YEI","YEI",,"2017","0","0","63565266","1906957.98","9216963.57","9216963.57","2939893.56","0","0","1271305.32","0","3575546.22","14421952.36","0","0","0","14421952.36","17997498.58","28.3134166071137","28.3134166071137","N"
"FR","France","2014FR16M0OP008","Picardie - ERDF/ESF/YEI","YEI",,"2017","0","0","22468308","429160.68","2074276.62","0","661622.72","0","0","286107.12","0","2878952.9","4928816.4","0","0","0","4928816.4","7807769.3","34.7501436245222","34.7501436245222","N"
"TC","Interreg","2014TC16RFCB045","Interreg V-A - France-Belgium-Germany-Luxembourg (Grande Région)","ERDF",,"2024","0","0","139802646","4194079.38","0","0","26912009.36","12222175.25","0","12924837.98","0","5959075.51","121621395.24","0","0","0","133843570.49","139802646","100","100","N"
"GR","Greece","2014GR16M2OP011","Crete - ERDF/ESF","ERDF","Transition","2017","0","0","291757766","10875160.24","19031530.42","0","12574404.03","468806.41","0","4968773.71","0","37043514.57","23046199.46","0","0","0","23515005.87","60558520.44","20.7564382159411","20.7564382159411","N"
"MT","Malta","2014MT06RDNP001","Malta - National Rural Development","EAFRD",,"2015","0","0","97326898","1946537.96","0","0","0","0","0","0","0","1946537.96","0","0","0","0","0","1946537.96","2","2","N"
"GR","Greece","2014GR16M3TA001","Technical assistance - GR - ERDF/ESF/CF","ERDF","Transition","2022","0","0","24145687","988683.04","1730195.32","0","3688013.38","1867556.79","0","1330226.68","0","3209108.27","18931689.19","0","0","0","20799245.98","24008354.25","99.4312327911813","99.4312327911813","N"
"FR","France","2014FR16M0OP003","Centre - ERDF/ESF/YEI","ESF","More developed","2026","399979.12","0","46082365","1468746.72","0","0","9651972.67","2993929.61","0","5790072.8","0","2336716.98","41124870.27","141231.25","0","0","43977568.63","46314285.61","100.503274104964","99.6384465689464","Y"
"FR","France","2014FR05M0OP001","Île-de-France et Seine - ESF/ERDF/YEI","ERDF","Transition","2024","0","0","4817847","149234.4","0","0","948189.42","209906.69","0","595266.43","0","292250.7","4315689.61","0","0","0","4525596.3","4817847","100","91.0401927437642","N"
"FR","France","2014FR06RDRP042","Alsace - Rural Development","EAFRD","EURI","2018","0","0","0","0","0","0","0","0","0","0","0","0","0","0","0","0","0","0",,,"N"
"IT","Italy","2014IT06RDRP007","Lombardia - Rural Development","EAFRD",,"2021","0","0","642905838.81","14975310","0","0","0","0","0","0","0","14975310","305758904.7","0","0","0","305758904.7","320734214.7","49.8882099583463","49.8882099583463","N"
"LV","Latvia","2014LV16MAOP001","Growth and Employment - LV - ERDF/ESF/CF/YEI","YEI Specific Allocation",,"2022","0","0","29010639","870319.17","8413085.31","0","1569309.13","1555911.76","0","315493.35","0","8981308.5","18158445.25","0","0","0","19714357.01","28695665.51","98.9142828256903","98.9142828256903","N"
"PL","Poland","2014PL16M2OP010","Podlaskie Voivodeship - ERDF/ESF","ERDF","Less developed","2019","0","0","872217214","24596525.46","0","0","84038128.66","8043414.12","0","52423044.31","0","48168195.69","271385635.53","0","0","0","279429049.65","327597245.34","37.559135509105","37.559135509105","N"
"CZ","Czechia","2014CZ16RFOP002","Integrated Regional Programme - CZ - ERDF","ERDF","Less developed","2021","0","0","4739080738","130186703.22","0","0","676539660.56","196868127.76","0","355719475.59","0","254138760.43","3148634018.21","0","0","0","3345502145.97","3599640906.4","75.9565220642164","75.9565220642164","N"
"SK","Slovakia","2014SK16M1OP002","Quality of Environment - SK - ERDF/CF","CF",,"2014","0","0","1861112261","17494455.25","0","0","0","0","0","0","0","17494455.25","0","0","0","0","0","17494455.25","0.939999999817314","0.939999999817314","N"
"CY","Cyprus","2014CY05M9OP001","Employment, Human Capital and Social Cohesion - CY - ESF/YEI","YEI ESF Matching Component",,"2020","0","0","18136793","462884.04","0","0","2099508.07","613764.92","0","709780.68","0","1238846.51","10215916.73","0","0","0","10829681.65","12068528.16","66.5416877173379","66.5416877173379","N"
"DE","Germany","2014DE06RDRP018","Saarland - Rural Development","EAFRD","EURI","2024","0","0","2586359","0","0","0","0","0","0","0","0","0","894461.76","0","0","0","894461.76","894461.76","34.5838207302235","34.5838207302235","N"
"TC","Interreg","2014TC16RFCB027","Interreg V-A - Latvia-Lithuania","ERDF",,"2016","0","0","54966201","1648986.03","0","0","1099324.02","0","0","0","0","2748310.05","117004.55","0","0","0","117004.55","2865314.6","5.21286635763676","5.21286635763676","N"
"GR","Greece","2014GR16M2OP004","Epirus - ERDF/ESF","ERDF","Less developed","2022","0","0","194341092","8504201.44","14882352.52","0","36032664.58","4987438.93","0","21860412.02","0","32571367.59","148203396.25","0","0","0","153190835.18","185762202.77","95.5856534808398","95.5856534808398","N"
"SI","Slovenia","2014SI14MFOP001","Maritime and Fisheries - Slovenia","EMFF",,"2018","0","0","24809114","699617.01","0","0","1719891.83","0","0","1078576.24","0","1340932.6","1839945.66","0","0","0","1839945.66","3180878.26","12.8214101478997","12.8214101478997","N"
"DE","Germany","2014DE05SFOP012","Sachsen - ESF","ESF","More developed","2016","0","0","100043215","2821218.66","0","0","1880812.44","0","0","0","0","4702031.1","0","0","0","0","0","4702031.1","4.69999999500216","4.69999999500216","N"
"FR","France","2014FR06RDRP025","Basse-Normandie - Rural Development","EAFRD","EURI","2019","0","0","0","0","0","0","0","0","0","0","0","0","0","0","0","0","0","0",,,"N"
"IT","Italy","2014IT06RDRP003","Emilia-Romagna - Rural Development","EAFRD","EURI","2016","0","0","0","0","0","0","0","0","0","0","0","0","0","0","0","0","0","0",,,"N"
"DE","Germany","2014DE05SFOP007","Hamburg - ESF","ESF","More developed","2015","0","0","78176271","1469713.92","0","0","0","0","0","0","0","1469713.92","0","0","0","0","0","1469713.92","1.88000003223485","1.88000003223485","N"
"NL","Netherlands","2014NL06RDNP001","Netherlands - National Rural Development","EAFRD","EURI","2015","0","0","0","0","0","0","0","0","0","0","0","0","0","0","0","0","0","0",,,"N"
"CZ","Czechia","2014CZ05M2OP001","Research Development and Education - CZ - ESF/ERDF","ESF","Less developed","2023","0","0","1168125739","32941145.82","0","0","215577605.05","67184530.44","0","103616854.81","0","77717365.62","1024016286.65","0","0","0","1091200817.09","1168918182.71","100.067838904969","100.067838904969","N"
"IT","Italy","2014IT05SFOP011","Valle d'Aosta  - ESF","ESF","More developed","2016","0","0","27786275","783572.94","0","0","522381.96","0","0","0","0","1305954.9","0","0","0","0","0","1305954.9","4.69999991002752","4.69999991002752","N"
"FR","France","2014FR05M0OP001","Île-de-France et Seine - ESF/ERDF/YEI","YEI Specific Allocation",,"2016","0","0","2882139","86464.17","835820.31","0","57642.78","0","0","0","0","979927.26","0","0","0","0","0","979927.26","34","34","N"
"ES","Spain","2014ES06RDRP014","Navarra - Rural Development","EAFRD",,"2023","0","0","176001033","4777999.45","0","0","0","0","0","0","0","4777999.45","132589930.48","0","0","0","132589930.48","137367929.93","78.0495020901383","78.0495020901383","N"
"FR","France","2014FR05M2OP001","Guadeloupe et St Martin - ESF/ERDF","ERDF","Less developed","2015","0","0","31372762","589807.92","0","0","0","0","0","0","0","589807.92","0","0","0","0","0","589807.92","1.87999998215012","1.87999998215012","N"
"FR","France","2014FR16M0OP003","Centre - ERDF/ESF/YEI","YEI",,"2016","0","0","23142672","694280.16","3355687.44","0","462853.44","0","0","0","0","4512821.04","2393736.1","0","0","0","2393736.1","6906557.14","29.8433868828975","29.8433868828975","N"
"TC","Interreg","2014TC16I5CB008","IPA CBC Italy – Albania - Montenegro","IPAE",,"2017","0","0","39400711","8143625.5","0","0","0","0","0","0","0","8143625.5","103273.18","0","0","0","103273.18","8246898.68","20.9308372125569","20.9308372125569","N"
"TC","Interreg","2014TC16RFCB029","Interreg V-A - Slovenia-Croatia","ERDF",,"2020","0","0","46114193","1383425.79","0","0","6110130.58","808139.52","0","3285008.19","0","3400408.66","25236814.18","0","0","0","26044953.7","29445362.36","63.8531446489804","63.8531446489804","N"
"FR","France","2014FR16M0OP014","Bourgogne - ERDF/ESF/YEI","ERDF","More developed","2014","0","0","183532126","1725201.98","0","0","0","0","0","0","0","1725201.98","0","0","0","0","0","1725201.98","0.9399999976026","0.9399999976026","N"
"GR","Greece","2014GR05M2OP001","Reform of the Public Sector - GR - ESF/ERDF","ESF","More developed","2017","0","0","23171943","1322266.85","2313966.98","0","1528871.05","322990.3","0","338143.12","0","4503971.46","5554331.49","1166556.37","0","0","4710765.42","9214736.88","39.7667855475046","39.7667855475046","N"
"TC","Interreg","2014TC16I5CB008","IPA CBC Italy – Albania - Montenegro","IPAE",,"2015","0","0","39400711","2853551","0","0","0","0","0","0","0","2853551","0","0","0","0","0","2853551","7.24238453463441","7.24238453463441","N"
"FR","France","2014FR16M2OP006","Limousin - ERDF/ESF","ERDF","Transition","2019","0","0","125558965","3540762.81","0","0","12097606.28","1154617.65","0","7549757.6","0","6933993.84","40759752.51","0","0","0","41914370.16","48848364","38.9047201846559","38.9047201846559","N"
"RO","Romania","2014RO05M9OP001","Human Capital - RO - ESF/YEI","YEI ESF Matching Component",,"2022","0","0","151609636","4239772.6","0","0","24000601.59","163784.06","0","16459965.12","0","11616625.01","16405597.81","0","0","0","16569381.87","28186006.88","18.5911711311015","18.5911711311015","N"
"FR","France","2014FR16M0OP003","Centre - ERDF/ESF/YEI","YEI Specific Allocation",,"2021","0","0","16418623","347140.08","3355687.44","0","1951280.52","980034.54","0","873010.41","0","3801063.09","11233735.25","0","0","0","12213769.79","16014832.88","97.5406578249589","97.5406578249589","N"
"PL","Poland","2014PL16M2OP012","Śląskie Voivodeship - ERDF/ESF","ERDF","Less developed","2015","0","0","2498891499","46979160.1","0","0","0","0","0","0","0","46979160.1","0","0","0","0","0","46979160.1","1.87999999675056","1.87999999675056","N"
"FR","France","2014FR05SFOP003","Guyane - ESF","ESF","Less developed","2016","0","0","83900000","2365980","0","0","1577320","0","0","0","0","3943300","0","0","0","0","0","3943300","4.7","4.7","N"
"HR","Croatia","2014HR05M9OP001","Efficient Human Resources - HR - ESF/YEI","ESF","Less developed","2018","0","0","1414738021","40885937.07","0","0","99603464.05","0.01","0","63032486.3","0","77456914.81","153667691.05","0","0","0","153667691.06","231124605.87","16.3369190930934","16.3369190930934","N"
"IT","Italy","2014IT05SFOP001","Social Inclusion - IT - ESF","ESF","REACT-EU","2021","0","0","92280000","10150800","0","0","0","0","0","0","0","10150800","0","0","0","0","0","10150800","11","11","N"
"BE","Belgium","2014BE05SFOP001","German Speaking Community of Belgium - ESF","ESF","Transition","2017","0","0","11000000","310200","0","0","478225","0","0","206800","0","581625","1114146.79","0","0","0","1114146.79","1695771.79","15.4161071818182","15.4161071818182","N"
"GR","Greece","2014GR16M1OP001","Transport Infrastructure Environment and Sustainable Development - GR - ERDF/CF","ERDF","Transition","2014","0","0","166279612","0","0","0","0","0","0","0","0","0","0","0","0","0","0","0","0","0","N"
"DE","Germany","2014DE05SFOP002","Federal Germany - ESF","ESF","More developed","2016","0","0","1942574147","54780590.97","0","0","36520393.98","0","0","0","0","91300984.95","10737494.06","0","0","0","10737494.06","102038479.01","5.25274565027968","5.25274565027968","N"
"ES","Spain","2014ES14MFOP001","Maritime and Fisheries - Spain","EMFF",,"2026","82185039.31","0","1057143957","38217327.26","0","0","207852956.29","54330178.19","0","133169208.91","0","58570896.45","862057843.05","0","0","0","916388021.24","974958917.69","92.2257476131039","78.3851319164163","Y"
"IT","Italy","2014IT16RFOP011","Liguria - ERDF","ERDF","More developed","2020","0","0","196272620","5534887.89","0","0","24445754.84","5071479.11","0","11299249.18","0","13609914.44","65620690.49","0","0","0","70692169.6","84302084.04","42.951525301899","42.951525301899","N"
"DE","Germany","2014DE05SFOP012","Sachsen - ESF","ESF","Transition","2015","0","0","562658442","10577978.72","0","0","0","0","0","0","0","10577978.72","0","0","0","0","0","10577978.72","1.88000000184837","1.88000000184837","N"
"NL","Netherlands","2014NL16RFOP002","West Netherlands - ERDF","ERDF","REACT-EU","2023","0","0","82479298","12371894.7","0","0","4948757.88","75000","0","3224171.92","0","14021480.66","44723533.54","0","0","0","44798533.54","58820014.2","71.3148821901952","71.3148821901952","N"
"PL","Poland","2014PL16M2OP010","Podlaskie Voivodeship - ERDF/ESF","ESF","Less developed","2016","0","0","341378663","9626878.26","0","0","6417918.84","0","0","0","0","16044797.1","5040394.38","0","0","0","5040394.38","21085191.48","6.17648194374702","6.17648194374702","N"
"ES","Spain","2014ES16RFOP002","Multi-regional Spain - ERDF","ERDF","More developed","2023","0","0","4009679763","114684045.43","0","0","686710364.86","223074057.22","0","284606556.12","0","293713796.95","3492891908.83","0","0","0","3715965966.05","4009679763","100","100","N"
"RO","Romania","2014RO14MFOP001","Maritime and Fisheries - Romania","EMFF",,"2016","0","0","168421371","6332643.56","0","0","3166321.78","0","0","0","0","9498965.34","0","0","0","0","0","9498965.34","5.64000000926248","5.64000000926248","N"
"FR","France","2014FR06RDRP091","Languedoc-Roussillon - Rural Development","EAFRD","EURI","2024","0","0","39371155","0","0","0","0","0","0","0","0","0","24850121.25","0","0","0","24850121.25","24850121.25","63.1175825296464","63.1175825296464","N"
"ES","Spain","2014ES14MFOP001","Maritime and Fisheries - Spain","EMFF",,"2025","82185039.31","0","1057143957","38217327.26","0","0","207852956.29","54330178.19","0","133169208.91","0","58570896.45","862057843.05","0","0","0","916388021.24","974958917.69","92.2257476131039","78.3851319164163","N"
"GR","Greece","2014GR16M2OP004","Epirus - ERDF/ESF","ESF","Less developed","2020","0","0","42062715","1283107.73","2245438.52","0","4888687.41","1175357.35","0","1637551.26","0","5604325.05","20934233.23","0","0","0","22109590.58","27713915.63","65.8871298012979","65.8871298012979","N"
"HR","Croatia","2014HR05FMOP001","FEAD - Croatia","FEAD",,"2017","0","0","36628990","4029188.9","0","0","0","0","0","0","0","4029188.9","100423.2","0","0","0","100423.2","4129612.1","11.2741631696642","11.2741631696642","N"
"FR","France","2014FR06RDRP073","Midi-Pyrénées - Rural Development","EAFRD","EURI","2024","0","0","74725295","0","0","0","0","0","0","0","0","0","45232881.66","0","0","0","45232881.66","45232881.66","60.5322222682426","60.5322222682426","N"
"ES","Spain","2014ES05SFOP020","Valenciana - ESF","ESF","More developed","2015","0","0","177408383","4169097","0","0","0","0","0","0","0","4169097","0","0","0","0","0","4169097","2.34999999971816","2.34999999971816","N"
"DE","Germany","2014DE05FSOP001","FEAD - Germany","FEAD",,"2022","0","0","78893211","8678253.21","0","0","0","0","0","0","0","8678253.21","65445007.46","0","0","0","65445007.46","74123260.67","93.9539153375314","93.9539153375314","N"
"PL","Poland","2014PL05M9OP001","Knowledge Education Growth  - PL - ESF/YEI","ESF","More developed","2017","0","0","566433148","16036188.69","0","0","24722457.56","1044768.57","0","9646023.89","0","30067853.79","44205579.41","0","0","0","45250347.98","75318201.77","13.2969269252583","13.2969269252583","N"
"FR","France","2014FR16RFOP005","Interregional Rhône Saône - ERDF","ERDF","More developed","2017","0","0","13596000","383407.2","0","0","591086.11","0","0","255604.8","0","718888.51","1970892.06","0","0","0","1970892.06","2689780.57","19.7836170197117","19.7836170197117","N"
"ES","Spain","2014ES16RFOP002","Multi-regional Spain - ERDF","ERDF","Less developed","2015","0","0","590117713","17143779.58","0","0","0","0","0","0","0","17143779.58","0","0","0","0","0","17143779.58","2.90514573657612","2.90514573657612","N"
"SE","Sweden","2014SE14MFOP001","Maritime and Fisheries - Sweden","EMFF",,"2016","0","0","120156004","3388399.32","0","0","2258932.88","0","0","0","0","5647332.2","442346.89","0","0","0","442346.89","6089679.09","5.06814381909705","5.06814381909705","N"
"GR","Greece","2014GR16M2OP013","South Aegean - ERDF/ESF","ERDF","More developed","2020","0","0","53318393","2334313.68","4085048.94","0","7749546.16","1697355.78","0","3079374.72","0","9392178.28","31565096.2","0","0","0","33262451.98","42654630.26","79.9998421932934","79.9998421932934","N"
"ES","Spain","2014ES05SFOP018","Aragón  - ESF","ESF","More developed","2021","0","0","66175361","2594423.97","0","0","11204471.51","2639717.1","0","6608612.43","0","4550565.95","44319964.1","0","0","0","46959681.2","51510247.15","77.8390119398064","77.8390119398064","N"
"ES","Spain","2014ES16RFOP002","Multi-regional Spain - ERDF","ERDF","Transition","2016","0","0","3203202683","171760576.72","0","0","98148900.98","0","0","0","0","269909477.7","0","0","0","0","0","269909477.7","8.42623787537581","8.42623787537581","N"
"FR","France","2014FR06RDRP093","Provence-Alpes-Côte d'Azur - Rural Development","EAFRD","EURI","2024","0","0","33582440","0","0","0","0","0","0","0","0","0","15725639.25","0","0","0","15725639.25","15725639.25","46.8269704345485","46.8269704345485","N"
"FR","France","2014FR06RDRP011","Île-de-France - Rural Development","EAFRD",,"2024","0","0","74980129","1741856.04","0","0","0","0","0","0","0","1741856.04","63609370.29","0","0","0","63609370.29","65351226.33","87.1580606776497","87.1580606776497","N"
"TC","Interreg","2014TC16M4TN003","Interreg V-B - Balkan-Mediterranean","ERDF",,"2023","0","0","28330108","849903.24","0","0","5453545.82","603184.65","0","3469268.4","0","2230996.01","25025129.48","0","0","0","25628314.13","27859310.14","98.338171319361","98.338171319361","N"
"FR","France","2014FR06RDRP025","Basse-Normandie - Rural Development","EAFRD","EURI","2021","0","0","48477030","0","0","0","0","0","0","0","0","0","0","0","0","0","0","0","0","0","N"
"DE","Germany","2014DE05SFOP015","Rheinland-Pfalz - ESF","ESF","More developed","2015","0","0","109055968","2050252.2","0","0","0","0","0","0","0","2050252.2","0","0","0","0","0","2050252.2","1.88000000146714","1.88000000146714","N"
"DE","Germany","2014DE06RDRP020","Sachsen-Anhalt - Rural Development","EAFRD","EURI","2015","0","0","0","0","0","0","0","0","0","0","0","0","0","0","0","0","0","0",,,"N"
"ES","Spain","2014ES16RFOP002","Multi-regional Spain - ERDF","ERDF","More developed","2015","0","0","1727480008","81917175.31","0","0","0","0","0","0","0","81917175.31","0","0","0","0","0","81917175.31","4.74200424494869","4.74200424494869","N"
"TC","Interreg","2014TC16RFTN006","Interreg V-B - North West Europe","ERDF",,"2023","0","0","396134342","11884030.26","0","0","76255860.84","22916109.76","0","37381662.66","0","27842118.68","321567425.79","0","0","0","344483535.55","372325654.23","93.9897440727318","93.9897440727318","N"
"TC","Interreg","2014TC16I5CB004","IPA CBC Croatia – Bosnia and Herzegovina - Montenegro","IPAE-contribution from ERDF",,"2018","0","0","28577658","5906638","0","0","0","0","0","0","0","5906638","1401701.03","0","0","0","1401701.03","7308339.03","25.5736107906393","25.5736107906393","N"
"DE","Germany","2014DE05SFOP012","Sachsen - ESF","ESF","More developed","2023","0","0","110643215","2821218.66","0","0","19098975.31","4818234.87","0","9364208.26","0","7737750.84","95173497.41","0","0","0","99991732.28","107729483.12","97.3665516859755","97.3665516859755","N"
"IT","Italy","2014IT06RDRP012","Umbria - Rural Development","EAFRD","EURI","2026","0","0","33915128.21","0","0","0","0","0","0","0","0","0","32293646.37","0","0","0","32293646.37","32293646.37","95.2190012965308","95.2190012965308","Y"
"FR","France","2014FR06RDRP004","Réunion - Rural Development","EAFRD",,"2016","0","0","385500000","11565000","0","0","0","0","0","0","0","11565000","1961758.5","0","0","0","1961758.5","13526758.5","3.50888677042802","3.50888677042802","N"
"FR","France","2014FR16M0OP004","Champagne-Ardenne - ERDF/ESF/YEI","YEI",,"2016","0","0","10603270","318098.1","1537474.15","0","212065.4","0","0","0","0","2067637.65","1861787.4","0","0","0","1861787.4","3929425.05","37.0586154082656","37.0586154082656","N"
"EE","Estonia","2014EE05FMOP001","FEAD - Estonia","FEAD","REACT-EU","2024","0","0","4500000","2025000","0","0","0","0","0","0","0","2025000","2475000","0","0","0","2475000","4500000","100","100","N"
"DE","Germany","2014DE06RDRP021","Schleswig-Holstein - Rural Development","EAFRD",,"2022","0","0","564961969","12584344.92","0","0","0","0","0","0","0","12584344.92","378183554.84","0","0","0","378183554.84","390767899.76","69.1671158771397","69.1671158771397","N"
"UK","United Kingdom","2014UK05SFOP004","Northern Ireland - ESF","ESF","Transition","2020","0","0","210578341","5790957.15","0","0","26000364.91","6403613.35","0","13658442.24","0","11729266.47","113246303.95","0","0","0","119649917.3","131379183.77","62.3896945650265","62.3896945650265","N"
"IT","Italy","2014IT05SFOP017","Bolzano  - ESF","ESF","More developed","2017","0","0","68310599","1926358.89","0","0","2969803.29","0","0","1284239.26","0","3611922.92","0","0","0","0","0","3611922.92","5.28749999688921","5.28749999688921","N"
"DE","Germany","2014DE06RDRN001","Germany - Rural Network","EAFRD",,"2014","0","0","5000000","50000","0","0","0","0","0","0","0","50000","0","0","0","0","0","50000","1","1","N"
"FR","France","2014FR06RDRP042","Alsace - Rural Development","EAFRD",,"2021","0","0","160514492","3655421.37","0","0","0","0","0","0","0","3655421.37","80928644.44","0","0","0","80928644.44","84584065.81","52.6955944949818","52.6955944949818","N"
"FR","France","2014FR16M0OP011","Martinique - ERDF/ESF/YEI","YEI",,"2020","0","0","7562202","150701.7","728391.55","0","884571.7","147204.5","0","371228.98","0","1245231.47","2593296.97","0","0","0","2740501.47","3985732.94","52.7059835217308","52.7059835217308","N"
"FR","France","2014FR06RDRP023","Haute-Normandie - Rural Development","EAFRD","EURI","2015","0","0","0","0","0","0","0","0","0","0","0","0","0","0","0","0","0","0",,,"N"
"FR","France","2014FR16M0OP005","Haute-Normandie - ERDF/ESF/YEI","YEI Specific Allocation",,"2015","0","0","7950881","159017.62","2305755.49","0","0","0","0","0","0","2464773.11","0","0","0","0","0","2464773.11","31","31","N"
"BG","Bulgaria","2014BG16RFOP002","Innovations and Competitiveness - BG - ERDF","ERDF","REACT-EU","2021","0","0","120660404","13272644.44","0","0","0","0","0","0","0","13272644.44","15001533.9","0","0","0","15001533.9","28274178.34","23.4328556864437","23.4328556864437","N"
"FR","France","2014FR16RFOP006","Alsace - ERDF","ERDF","More developed","2023","0","0","87207490","2459251.23","0","0","13340930.94","5973052.77","0","7143027.58","0","2684101.82","78550335.41","0","0","0","84523388.18","87207490","100","100","N"
"IT","Italy","2014IT06RDRP020","Puglia - Rural Development","EAFRD","EURI","2025","0","0","93007628.79","0","0","0","0","0","0","0","0","0","77704762.46","0","0","0","77704762.46","77704762.46","83.5466546894212","83.5466546894212","N"
"RO","Romania","2014RO16RFOP001","Competitiveness Programme - RO - ERDF","ERDF","More developed","2016","0","0","249087740","9359521.09","0","0","4679760.54","0","0","0","0","14039281.63","0","0","0","0","0","14039281.63","5.6362796619376","5.6362796619376","N"
"PT","Portugal","2014PT16M3OP001","Competitiveness and Internationalisation  - PT - ERDF/ESF/CF","ESF","REACT-EU","2023","0","0","376000000","33465388.95","0","0","16444103.72","1328966.02","0","7154147.81","0","41426378.84","200623034.8","0","0","0","201952000.82","243378379.66","64.728292462766","64.728292462766","N"
"FR","France","2014FR06RDRP082","Rhône-Alpes - Rural Development","EAFRD","EURI","2017","0","0","0","0","0","0","0","0","0","0","0","0","0","0","0","0","0","0",,,"N"
"PT","Portugal","2014PT05SFOP001","Human Capital - PT - ESF","ESF","Transition","2021","0","0","10541848","0","0","0","210836.96","0","0","0","0","210836.96","8403740.79","0","0","0","8403740.79","8614577.75","81.7179089472738","81.7179089472738","N"
"IT","Italy","2014IT16M2OP004","Metrolitan Cities - IT - ERDF/ESF","ERDF","Transition","2022","0","0","16744223","450191.13","0","0","2658113.07","732919.71","0","1340351.22","0","1035033.27","10267424.99","0","0","0","11000344.7","12035377.97","71.8777931349815","71.8777931349815","N"
"IT","Italy","2014IT06RDRP012","Umbria - Rural Development","EAFRD","EURI","2025","0","0","33915128.21","0","0","0","0","0","0","0","0","0","32293646.37","0","0","0","32293646.37","32293646.37","95.2190012965308","95.2190012965308","N"
"IT","Italy","2014IT05M2OP001","Education - IT - ESF/ERDF","ERDF","Transition","2016","0","0","27628128","779113.2","0","0","519408.8","0","0","0","0","1298522","0","0","0","0","0","1298522","4.69999994208801","4.69999994208801","N"
"PL","Poland","2014PL16M2OP009","Podkarpackie Voivodeship - ERDF/ESF","ERDF","REACT-EU","2023","0","0","35252288","11087744.85","0","0","1197834.42","1719.75","0","491068.91","0","11792790.61","13238411.1","0","0","0","13240130.85","25032921.46","71.0107708753542","71.0107708753542","N"
"GR","Greece","2014GR16M2OP001","Competitiveness Entrepreneurship and Innovation - GR - ERDF/ESF","ESF","Less developed","2020","0","0","335140170","15661606.8","27407811.9","27407811.9","48565572.53","4042322.42","0","28017471.39","0","32167385.52","81839342.46","0","0","0","85881664.88","118049050.4","35.2237842452607","35.2237842452607","N"
"SE","Sweden","2014SE05M9OP001","Investments in growth and employInvestments in growth and employment - SE - ESF/YEIment - ESF/YEI","YEI ESF Matching Component",,"2024","0","0","44163096","1324892.88","0","0","3257028.33","1824592.51","0","2141843.74","0","615484.96","46488193.39","0","0","0","44163096","44778580.96","101.393663523952","101.393663523952","N"
"CY","Cyprus","2014CY05M9OP001","Employment, Human Capital and Social Cohesion - CY - ESF/YEI","YEI Specific Allocation",,"2018","0","0","18136793","462884.04","3298048.79","0","1033971.48","291184.63","0","244025.04","0","4259694.64","2530213.68","0","0","0","2821398.31","7081092.95","39.0426959716638","39.0426959716638","N"
"PL","Poland","2014PL06RDNP001","Poland - National Rural Development","EAFRD","EURI","2015","0","0","0","0","0","0","0","0","0","0","0","0","0","0","0","0","0","0",,,"N"
"FI","Finland","2014FI16M2OP001","Sustainable growth and jobs - FI - ERDF/ESF","ESF","More developed","2015","0","0","512684177","9638462.52","0","0","0","0","0","0","0","9638462.52","0","0","0","0","0","9638462.52","1.87999999851761","1.87999999851761","N"
"IT","Italy","2014IT06RDRP013","Valle d'Aosta - Rural Development","EAFRD","EURI","2016","0","0","0","0","0","0","0","0","0","0","0","0","0","0","0","0","0","0",,,"N"
"DE","Germany","2014DE05SFOP015","Rheinland-Pfalz - ESF","ESF","More developed","2016","0","0","109055968","3075378.3","0","0","2050252.2","0","0","0","0","5125630.5","0","0","0","0","0","5125630.5","4.70000000366784","4.70000000366784","N"
"BE","Belgium","2014BE05M9OP001","Wallonie-Bruxelles 2020.eu - ESF/YEI","ESF","Transition","2014","0","0","343451027","3228439.65","0","0","0","0","0","0","0","3228439.65","0","0","0","0","0","3228439.65","0.939999998893583","0.939999998893583","N"
"IT","Italy","2014IT05SFOP003","Emilia-Romagna - ESF","ESF","More developed","2019","0","0","393125091","11086127.58","0","0","37877602.58","7564654.14","0","19688742.84","0","21710333.18","137035453.9","0","0","0","144600108.04","166310441.22","42.304712934235","42.304712934235","N"
"UK","United Kingdom","2014UK05M9OP001","England  - ESF/YEI","ESF","More developed","2022","0","0","2183824757","63960695.16","0","0","371075496.98","13024604.71","0","252629562.96","0","169382024.47","1328666049.24","28267799.87","0","0","1313422854.08","1482804878.55","67.8994444859661","67.8994444859661","N"
"TC","Interreg","2014TC16RFCB005","Interreg V-A - Spain-Portugal (POCTEP)","ERDF",,"2024","0","0","365769686","8669329.05","0","0","67083795.32","24150206.63","0","35517233.17","0","16085684.57","324495792.26","0","0","0","348645998.89","364731683.46","99.7162141698096","99.7162141698096","N"
"IT","Italy","2014IT05SFOP004","Friuli-Venezia Giulia - ESF","ESF","More developed","2019","0","0","138213907","3897632.19","0","0","13316909.98","2186375.65","0","7395303.48","0","7632863.04","39839102.52","0","0","0","42025478.17","49658341.21","35.9286140503936","35.9286140503936","N"
"CZ","Czechia","2014CZ16RFOP002","Integrated Regional Programme - CZ - ERDF","ERDF","More developed","2021","0","0","24149612","681019.05","0","0","3490826.38","156779.91","0","2263583.67","0","1751481.85","3006506.54","0","0","0","3163286.45","4914768.3","20.3513344230955","20.3513344230955","N"
"FR","France","2014FR16M2OP005","Franche-Comté et Jura - ERDF/ESF","ESF","REACT-EU","2023","0","0","7280000","1092000","0","0","436800","0","0","291200","0","1237600","6042400","0","0","0","6042400","7280000","100","100","N"
"FR","France","2014FR16M0OP009","Guadeloupe - ERDF/ESF/YEI","YEI ESF Matching Component",,"2017","0","0","3694247","66000","0","0","101750","0","0","44000","0","123750","183825.87","0","0","0","183825.87","307575.87","8.32580685590325","8.32580685590325","N"
"UK","United Kingdom","2014UK05M9OP001","England  - ESF/YEI","ESF","Less developed","2015","0","0","173160550","3255418.34","0","0","0","0","0","0","0","3255418.34","0","0","0","0","0","3255418.34","1.88","1.88","N"
"HU","Hungary","2014HU16M2OP002","Competitive Central-Hungary  - ERDF/ESF","ERDF","More developed","2018","0","0","257829746","7270798.83","0","0","17874047.13","0","0","11209148.2","0","13935697.76","38545533.98","0","0","0","38545533.98","52481231.74","20.3549949353012","20.3549949353012","N"
"PL","Poland","2014PL16M2OP002","Kujawsko-Pomorskie Voivodeship - ERDF/ESF","ERDF","Less developed","2021","0","0","1368083592","38579957.31","0","0","197756483.3","37227588.86","0","108200592.12","0","90908259.63","763090620.52","0","0","0","800318209.38","891226469.01","65.1441530489462","65.1441530489462","N"
"DE","Germany","2014DE06RDRP017","Rheinland-Pfalz - Rural Development","EAFRD",,"2019","0","0","299804232","8634126.96","0","0","0","0","0","0","0","8634126.96","96956476.41","0","0","0","96956476.41","105590603.37","35.2198508558745","35.2198508558745","N"
"GR","Greece","2014GR16M2OP014","Eastern Macedonia-Thrace - ERDF/ESF","ESF","Less developed","2021","0","0","62714347","1999357.01","3498874.76","0","8644100.72","2150020.52","0","3968845.19","0","8023466.78","45250186.11","0","0","0","47400206.63","55423673.41","88.3747915130169","88.3747915130169","N"
"FR","France","2014FR16M0OP009","Guadeloupe - ERDF/ESF/YEI","YEI",,"2016","0","0","4400000","132000","638000","0","88000","0","0","0","0","858000","0","0","0","0","0","858000","19.5","19.5","N"
"PL","Poland","2014PL16M2OP008","Opolskie Voivodeship - ERDF/ESF","ESF","Less developed","2024","0","0","265814879","7495979.58","0","0","49056135.89","17922185.74","0","26199304.11","0","12430625.62","235462067.64","0","0","0","253384253.38","265814879","100","100","N"
"TC","Interreg","2014TC16RFCB034","Interreg V-A - France-Italy (ALCOTRA)","ERDF",,"2017","0","0","198876285","5966288.55","0","0","9198028.2","0","0","3977525.7","0","11186791.05","1950802.51","0","0","0","1950802.51","13137593.56","6.60591259536048","6.60591259536048","N"
"IT","Italy","2014IT05SFOP014","Sicilia  - ESF","ESF","Less developed","2022","0","0","615072321","17345039.46","0","0","101210150.47","24944731.2","0","54532021.53","0","39078437.2","429660789.02","0","0","0","454605520.22","493683957.42","80.2643755156071","80.2643755156071","N"
"PL","Poland","2014PL05M9OP001","Knowledge Education Growth  - PL - ESF/YEI","YEI Specific Allocation",,"2020","0","0","269675040","7573134.66","73206968.38","0","15610693.85","11796176.72","0","3814517.13","0","80780103.04","177098760.24","0","0","0","188894936.96","269675040","100","100","N"
"SK","Slovakia","2014SK05M0OP001","Human Resources - SK - ESF/ERDF/YEI","ERDF","Less developed","2022","0","0","220707577","6861227.31","0","0","39132057.04","2841566.98","0","26034820.56","0","17116896.81","63457691.77","0","0","0","66299258.75","83416155.56","37.7948762311862","37.7948762311862","N"
"BE","Belgium","2014BE05M9OP001","Wallonie-Bruxelles 2020.eu - ESF/YEI","ESF","Transition","2016","0","0","343451027","9685318.95","0","0","6456879.3","0","0","0","0","16142198.25","0","0","0","0","0","16142198.25","4.69999999446792","4.69999999446792","N"
"FR","France","2014FR16M0OP014","Bourgogne - ERDF/ESF/YEI","ERDF","More developed","2020","0","0","183532126","5175605.94","0","0","22858926.25","1103389.4","0","11891961.47","0","15039181.32","85982020.82","0","0","0","87085410.22","102124591.54","55.6439865683243","55.6439865683243","N"
"GR","Greece","2014GR16M2OP002","Central Macedonia - ERDF/ESF","ESF","Less developed","2018","0","0","161594654","4927337.76","8622841.08","0","9868159.35","1440080.06","0","4257154.23","0","17721103.9","46461511.98","0","0","0","47901592.04","65622695.94","40.6094473521383","40.6094473521383","N"
"AT","Austria","2014AT06RDNP001","Austria - National Rural Development","EAFRD",,"2022","0","0","5092655457","118126559.91","0","0","0","0","0","0","0","118126559.91","3869609557.04","0","0","0","3869609557.04","3987736116.95","78.3036698755802","78.3036698755802","N"
"TC","Interreg","2014TC16RFTN001","Interreg V-B - Alpine Space","ERDF",,"2016","0","0","116635466","3499063.98","0","0","2332709.32","0","0","0","0","5831773.3","0","0","0","0","0","5831773.3","5","5","N"
"HU","Hungary","2014HU16M0OP001","Economic Development and Innovation Programme - HU - ERDF/ESF/YEI","YEI",,"2021","0","0","99530712","2985921.36","14431953.24","0","7340390.02","3645418.2","0","3694972.24","0","17417874.18","81093040.77","0","0","0","83605797.79","101023671.97","101.499999286652","101.499999286652","N"
"IT","Italy","2014IT05M2OP001","Education - IT - ESF/ERDF","ERDF","REACT-EU","2021","0","0","1032676210","113594383.1","0","0","0","0","0","0","0","113594383.1","0","0","0","0","0","113594383.1","11","11","N"
"UK","United Kingdom","2014UK05M9OP001","England  - ESF/YEI","ESF","More developed","2017","0","0","2268109757","63960695.16","0","0","98606071.7","0","0","42640463.44","0","119926303.42","8722447.53","0","0","0","8722447.53","128648750.95","5.67206902368614","5.67206902368614","N"
"FI","Finland","2014FI06RDRP001","Mainland Finland - Rural Development","EAFRD","EURI","2015","0","0","0","0","0","0","0","0","0","0","0","0","0","0","0","0","0","0",,,"N"
"DK","Denmark","2014DK05SFOP001","Educational and Entrepreneurial Growth - DK - ESF","ESF","More developed","2016","0","0","164596155","4641611.61","0","0","3094407.74","0","0","0","0","7736019.35","561817.13","0","0","0","561817.13","8297836.48","5.04133069208087","5.04133069208087","N"
"FI","Finland","2014FI16M2OP001","Sustainable growth and jobs - FI - ERDF/ESF","ERDF","Outermost or Northern Sparsely Populated","2019","0","0","305331807","8610356.97","0","0","29418719.65","4128093.65","0","17039033.9","0","16861949.07","133160733.51","0","0","0","137288827.16","154150776.23","50.4863144605174","50.4863144605174","N"
"PT","Portugal","2014PT16M2OP005","Lisboa - ERDF/ESF","ERDF","More developed","2016","0","0","622627637","20469376.73","0","0","11696786.7","0","0","0","0","32166163.43","1657502.04","0","0","0","1657502.04","33823665.47","5.4324067002506","5.4324067002506","N"
"DE","Germany","2014DE05SFOP004","Bayern - ESF","ESF","More developed","2014","0","0","297878586","2800058.71","0","0","0","0","0","0","0","2800058.71","0","0","0","0","0","2800058.71","0.940000000537132","0.940000000537132","N"
"CZ","Czechia","2014CZ05FMOP001","FEAD - Czech Republic","FEAD",,"2020","0","0","23329849","2566283.39","0","0","0","0","0","0","0","2566283.39","12687862.53","0","0","0","12687862.53","15254145.92","65.3846748858083","65.3846748858083","N"
"GR","Greece","2014GR06RDNP001","Greece - National Rural Development","EAFRD","EURI","2024","0","0","365286356","0","0","0","0","0","0","0","0","0","139347090.38","0","0","0","139347090.38","139347090.38","38.1473570231022","38.1473570231022","N"
"FR","France","2014FR05M9OP002","Alsace - ESF/YEI","YEI Specific Allocation",,"2017","0","0","4485714","0","0","0","0","0","0","0","0","0","0","0","0","0","0","0","0","0","N"
"BG","Bulgaria","2014BG05SFOP001","Good Governance - BG - ESF","ESF","Less developed","2015","0","0","285531663","5441459.44","0","0","0","0","0","0","0","5441459.44","0","0","0","0","0","5441459.44","1.90572890684982","1.90572890684982","N"
"FR","France","2014FR05SFOP003","Guyane - ESF","ESF","Less developed","2025","12322842.45","0","78956069","2365980","0","0","14786279.95","4291877.78","0","9287793.67","0","3572588.5","58768760.27","0","0","0","63060638.05","66633226.55","84.3927862594071","72.9995849988853","N"
"BG","Bulgaria","2014BG16RFOP002","Innovations and Competitiveness - BG - ERDF","ERDF","Less developed","2023","0","0","1238064222","32301557.55","0","0","210339133.83","82780714.75","0","82182672.15","0","77677304.48","1077606202.77","0","0","0","1160386917.52","1238064222","100","100","N"
"PL","Poland","2014PL16M2OP013","Świętokrzyskie Voivodeship - ERDF/ESF","ERDF","Less developed","2020","0","0","987745674","27655854.66","0","0","122146691.42","20747714.86","0","60480518.35","0","68574312.87","437261327.66","0","0","0","458009042.52","526583355.39","53.3116336776789","53.3116336776789","N"
"IT","Italy","2014IT16RFOP016","Sicilia - ERDF","ERDF","Less developed","2017","0","0","3418431018","96399754.71","0","0","148616288.51","0","0","64266503.14","0","180749540.08","0","0","0","0","0","180749540.08","5.28750000009507","5.28750000009507","N"
"IT","Italy","2014IT05SFOP005","Lazio  - ESF","ESF","More developed","2020","0","0","451267357","12725739.48","0","0","56205349.38","17521547.38","0","19618848.37","0","31790693.11","104276310.71","1690043.31","0","0","120107814.78","151898507.89","33.6604244764817","33.6604244764817","N"
"BE","Belgium","2014BE05M9OP002","Brussels-Capital Region : Investment for growth and jobs - ESF/YEI","YEI ESF Matching Component",,"2023","0","0","9012968","176133.3","0","0","1388289.22","127725.65","0","712706.21","0","723990.66","7765315.41","1744.28","0","0","7891296.78","8615287.44","95.5876847671045","95.5876847671045","N"
"HU","Hungary","2014HU16M0OP001","Economic Development and Innovation Programme - HU - ERDF/ESF/YEI","YEI",,"2023","0","0","99530712","2985921.36","14431953.24","0","7340390.02","6631339.2","0","3694972.24","0","14431953.18","81093040.77","0","0","0","85098758.79","99530711.97","99.9999999698585","99.9999999698585","N"
"HU","Hungary","2014HU16M1OP001","Environmental and Energy Efficiency  - HU - ERDF/CF","CF",,"2016","0","0","3131268934","87953575.5","0","0","58635717","0","0","0","0","146589292.5","0","0","0","0","0","146589292.5","4.68146606343203","4.68146606343203","N"
"EE","Estonia","2014EE06RDNP001","Estonia - National Rural Development","EAFRD","EURI","2022","0","0","62991349","0","0","0","0","0","0","0","0","0","21111762.43","0","0","0","21111762.43","21111762.43","33.5153362567295","33.5153362567295","N"
"PL","Poland","2014PL16M2OP008","Opolskie Voivodeship - ERDF/ESF","ESF","Less developed","2018","0","0","265814879","7495979.58","0","0","18427616.47","1946206.12","0","9610095.73","0","14367294.2","52413722.75","0","0","0","54359928.87","68727223.07","25.8552957338404","25.8552957338404","N"
"IT","Italy","2014IT05SFOP002","Systems for Active Employment Policies - IT - ESF","ESF","More developed","2022","0","0","55168006","3694550.28","0","0","12375231.45","764887.79","0","10366545.26","0","4938348.68","28244567.8","1049247.54","0","0","27960208.05","32898556.73","59.6333982598537","59.6333982598537","N"
"UK","United Kingdom","2014UK06RDRP003","Scotland - Rural Development","EAFRD","EURI","2022","0","0","0","0","0","0","0","0","0","0","0","0","0","0","0","0","0","0",,,"N"
"FR","France","2014FR06RDRP021","Champagne-Ardenne - Rural Development","EAFRD","EURI","2022","0","0","26034164","0","0","0","0","0","0","0","0","0","1364179.85","0","0","0","1364179.85","1364179.85","5.23996026912944","5.23996026912944","N"
"FR","France","2014FR16M2OP012","Mayotte - ERDF/ESF","ESF","REACT-EU","2024","0","0","20000000","3000000","0","0","800000","400000","0","400000","0","3000000","15717138.56","0","0","0","16117138.56","19117138.56","95.5856928","95.5856928","N"
"PT","Portugal","2014PT16M2OP002","Centro - ERDF/ESF","ESF","Less developed","2015","0","0","403517052","9482650.73","0","0","0","0","0","0","0","9482650.73","0","0","0","0","0","9482650.73","2.35000000198257","2.35000000198257","N"
"PT","Portugal","2014PT06RDRP003","Madeira - Rural Development","EAFRD","EURI","2019","0","0","0","0","0","0","0","0","0","0","0","0","0","0","0","0","0","0",,,"N"
"CZ","Czechia","2014CZ05M9OP001","Employment, Human Capital and Social Cohesion - CZ - ESF/YEI","YEI Specific Allocation",,"2024","0","0","13599984","407999.52","3943995.36","3943995.36","1801997.88","1487545.38","0","704306.04","0","18145.98","12049241.4","382.6","0","0","13536404.18","13554550.16","99.6659272540321","99.6659272540321","N"
"GR","Greece","2014GR16M3TA001","Technical assistance - GR - ERDF/ESF/CF","CF",,"2023","0","0","60836342","2731226.16","4779645.78","0","9538351.72","6993003.21","0","3672340.62","0","6383879.83","47459458.96","0","0","0","54452462.17","60836342","100","100","N"
"DE","Germany","2014DE16RFOP004","Brandenburg - ERDF","ERDF","REACT-EU","2024","0","0","45897109","4523394","0","0","1521061.38","163150.48","0","1357910.9","0","4523394","41210564.52","0","0","0","41373715","45897109","100","100","N"
"AT","Austria","2014AT06RDNP001","Austria - National Rural Development","EAFRD","EURI","2017","0","0","0","0","0","0","0","0","0","0","0","0","0","0","0","0","0","0",,,"N"
"PL","Poland","2014PL14MFOP001","Maritime and Fisheries - Poland","EMFF",,"2017","0","0","531219456","14980388.64","0","0","23094765.83","0","0","9986925.76","0","28088228.71","0","0","0","0","0","28088228.71","5.2874999951056","5.2874999951056","N"
"ES","Spain","2014ES16RFOP008","Cantabria  - ERDF","ERDF","REACT-EU","2024","0","0","91028202","11918756.1","0","0","3641128.08","1820564.04","0","1820564.04","0","11918756.1","77288881.86","0","0","0","79109445.9","91028202","100","100","N"
"LV","Latvia","2014LV06RDNP001","Latvia - National Rural Development","EAFRD","EURI","2024","0","0","84088404","0","0","0","0","0","0","0","0","0","63023637.05","0","0","0","63023637.05","63023637.05","74.9492606019731","74.9492606019731","N"
"HR","Croatia","2014HR16M1OP001","Competitiveness and Cohesion  - HR - ERDF/CF","ERDF","Less developed","2023","0","0","4700499588","121866288.39","0","0","820272749.03","268909498","0","395982552.36","0","277246987.06","3522907815.71","0","0","0","3791817313.71","4069064300.77","86.5666345585477","86.5666345585477","N"
"TC","Interreg","2014TC16I5CB009","IPA CBC Greece – Republic of North Macedonia","IPAE-contribution from ERDF",,"2023","0","0","19324776","3994185.5","0","0","0","0","0","0","0","3994185.5","14737574.66","0","0","0","14737574.66","18731760.16","96.9313184277013","96.9313184277013","N"
"FR","France","2014FR16M2OP008","Pays de la Loire - ERDF/ESF","ESF","REACT-EU","2021","0","0","19000000","2090000","0","0","380000","0","0","0","0","2470000","0","0","0","0","0","2470000","13","13","N"
"FR","France","2014FR05SFOP003","Guyane - ESF","ESF","Less developed","2026","12322842.45","0","78956069","2365980","0","0","14786279.95","4291877.78","0","9287793.67","0","3572588.5","58768760.27","0","0","0","63060638.05","66633226.55","84.3927862594071","72.9995849988853","Y"
"DE","Germany","2014DE06RDRP023","Thüringen - Rural Development","EAFRD","EURI","2016","0","0","0","0","0","0","0","0","0","0","0","0","0","0","0","0","0","0",,,"N"
"SK","Slovakia","2014SK05SFOP001","Effective Public Administration - SK - ESF","ESF","More developed","2023","0","0","9463693","266876.13","0","0","1367976.77","932084.43","0","548657.63","0","154110.84","8339626.77","0","0","0","9271711.2","9425822.04","99.5998289462686","99.5998289462686","N"
"GR","Greece","2014GR16M2OP004","Epirus - ERDF/ESF","ERDF","Less developed","2015","0","0","226500790","6378151.08","7441176.26","0","0","0","0","0","0","13819327.34","0","0","0","0","0","13819327.34","6.10122699351291","6.10122699351291","N"
"RO","Romania","2014RO05M9OP001","Human Capital - RO - ESF/YEI","ESF","Less developed","2022","0","0","3898691955","148202919.4","0","0","643231844.07","173200322.02","0","348001229.26","0","270233212.19","2365475882.1","0","0","0","2538676204.12","2808909416.31","72.0474828155537","72.0474828155537","N"
"TC","Interreg","2014TC16RFCB056","Interreg V-A - Germany-Denmark","ERDF",,"2018","0","0","89634975","2689049.25","0","0","6610579.4","853373.33","0","3292244.26","0","5154011.06","26787208.34","0","0","0","27640581.67","32794592.73","36.5868264368903","36.5868264368903","N"
"TC","Interreg","2014TC16RFTN010","Interreg V-B - Amazonia","ERDF",,"2016","0","0","18899049","566971.47","0","0","377980.98","0","0","0","0","944952.45","0","0","0","0","0","944952.45","5","5","N"
"FR","France","2014FR05SFOP003","Guyane - ESF","ESF","Less developed","2018","0","0","78956069","2365980","0","0","5688566.89","0","0","3647552.5","0","4406994.39","10464403.58","0","0","0","10464403.58","14871397.97","18.835028337087","18.835028337087","N"
"TC","Interreg","2014TC16M5CB012",,"ENI",,"2022","0","0","60000000","0","0","0","0","0","0","0","0","0","0","0","0","0","0","0","0","0","N"
"PL","Poland","2014PL16M2OP003","Lubelskie Voivodeship - ERDF/ESF","ESF","Less developed","2020","0","0","627557768","17697129.06","0","0","78162320.03","15189433.27","0","37236588.94","0","43433426.88","300541450.26","682400.68","0","0","315048482.85","358481909.73","57.1233323861908","57.1233323861908","N"
"HU","Hungary","2014HU05M2OP001","Human Resources Development - HU - ESF/ERDF","ESF","Less developed","2021","0","0","1707972503","48164824.59","0","0","246887425.34","604464.42","0","165965553.96","0","128482231.55","1018678085.33","49950472.92","0","0","969332076.83","1097814308.38","64.2758771848917","64.2758771848917","N"
"CZ","Czechia","2014CZ05M9OP001","Employment, Human Capital and Social Cohesion - CZ - ESF/YEI","YEI",,"2023","0","0","27199968","815999.04","3943995.36","3943995.36","3603995.76","2731342.27","0","1408612.08","0","280040.45","24342212.28","382.6","0","0","27051313.33","27331353.78","100.483036524161","100.483036524161","N"
"TC","Interreg","2014TC16RFCB026","Interreg V-A - Sweden-Denmark-Norway (Öresund-Kattegat-Skagerrak)","ERDF",,"2021","0","0","135688261","4070647.83","0","0","20692459.81","6706938.81","0","9665140.06","0","8391028.77","91171672.12","0","0","0","97878610.93","106269639.7","78.3189635690003","78.3189635690003","N"
"FR","France","2014FR16M0OP015","Lorraine et Vosges - ERDF/ESF/YEI","ERDF","Transition","2015","0","0","331804799","6237930.22","0","0","0","0","0","0","0","6237930.22","0","0","0","0","0","6237930.22","1.87999999963834","1.87999999963834","N"
"TC","Interreg","2014TC16RFCB034","Interreg V-A - France-Italy (ALCOTRA)","ERDF",,"2024","0","0","198876285","5966288.55","0","0","38283684.88","12970603.76","0","20494499.05","0","10784870.62","175120810.62","0","0","0","188091414.38","198876285","100","100","N"
"UK","United Kingdom","2014UK05M9OP001","England  - ESF/YEI","YEI",,"2020","0","0","319576848","9587305.44","46338642.96","46338642.96","42343932.36","1590280.42","0","21975095.66","0","28365861.72","147065471.61","0","0","0","148655752.03","177021613.75","55.392502572652","55.392502572652","N"
"FR","France","2014FR16M0OP007","Midi-Pyrénées et Garonne - ERDF/ESF/YEI","YEI",,"2016","0","0","5094014","152820.42","738632.03","0","101880.28","0","0","0","0","993332.73","1092205.05","0","0","0","1092205.05","2085537.78","40.9409510849401","40.9409510849401","N"
"ES","Spain","2014ES06RDRP009","Cataluña  - Rural Development","EAFRD",,"2023","0","0","449524800","12202825.64","0","0","0","0","0","0","0","12202825.64","345765144.77","0","0","0","345765144.77","357967970.41","79.6325298203792","79.6325298203792","N"
"DE","Germany","2014DE16M2OP001","Niedersachsen - ERDF/ESF","ESF","More developed","2022","0","0","189768972","5359944.99","0","0","31263849.26","8080906.2","0","14812496.41","0","13730391.64","161847150.05","0","0","0","169928056.25","183658447.89","96.7800193858878","96.7800193858878","N"
"ES","Spain","2014ES16RFOP011","Cataluña  - ERDF","ERDF","REACT-EU","2023","0","0","1023471064","134007801","0","0","40938842.56","1453904.06","0","19015517.22","0","154477222.28","591355951.51","0","0","0","592809855.57","747287077.85","73.0149687798111","73.0149687798111","N"
"IT","Italy","2014IT06RDRP018","Calabria - Rural Development","EAFRD",,"2021","0","0","841245813.48","20029650","0","0","0","0","0","0","0","20029650","470557772.38","0","0","0","470557772.38","490587422.38","58.3167743029325","58.3167743029325","N"
"DE","Germany","2014DE05SFOP016","Bremen - ESF","ESF","REACT-EU","2024","0","0","52163345","7273810.8","0","0","2086533.8","983756.28","0","1102777.52","0","7273810.8","43506997.04","0","0","0","44490753.32","51764564.12","99.2355151304043","99.2355151304043","N"
"IT","Italy","2014IT06RDRP012","Umbria - Rural Development","EAFRD","EURI","2015","0","0","0","0","0","0","0","0","0","0","0","0","0","0","0","0","0","0",,,"N"
"IT","Italy","2014IT06RDRN001","Italy - Rural Network","EAFRD","EURI","2018","0","0","0","0","0","0","0","0","0","0","0","0","0","0","0","0","0","0",,,"N"
"TC","Interreg","2014TC16I5CB007","IPA CBC Bulgaria - Serbia","IPAE",,"2016","0","0","14493457","2548670","0","0","0","0","0","0","0","2548670","0","0","0","0","0","2548670","17.5849695486729","17.5849695486729","N"
"SK","Slovakia","2014SK16RFOP002","Integrated Regional Programme - SK - ERDF","ERDF","Less developed","2015","0","0","1667822908","31309191.72","0","0","0","0","0","0","0","31309191.72","0","0","0","0","0","31309191.72","1.87724917134907","1.87724917134907","N"
"TC","Interreg","2014TC16I5CB006","IPA CBC Bulgaria – Republic of North Macedonia","IPAE-contribution from ERDF",,"2016","0","0","8271217","1454490","0","0","0","0","0","0","0","1454490","0","0","0","0","0","1454490","17.5849575703309","17.5849575703309","N"
"FR","France","2014FR06RDRP054","Poitou-Charentes - Rural Development","EAFRD",,"2024","0","0","542415162","12339458.7","0","0","0","0","0","0","0","12339458.7","490478442.34","0","0","0","490478442.34","502817901.04","92.6998240952564","92.6998240952564","N"
"TC","Interreg","2014TC16RFCB015","Interreg V-A - Slovakia-Hungary","ERDF",,"2023","0","0","155808987","4674269.61","0","0","29993230","7885129.85","0","14941709.41","0","11840660.35","113099084.43","0","0","0","120984214.28","132824874.63","85.2485323134795","85.2485323134795","N"
"ES","Spain","2014ES06RDRP006","Cantabria - Rural Development","EAFRD","EURI","2017","0","0","0","0","0","0","0","0","0","0","0","0","0","0","0","0","0","0",,,"N"
"UK","United Kingdom","2014UK06RDRP001","England - Rural Development","EAFRD","EURI","2017","0","0","0","0","0","0","0","0","0","0","0","0","0","0","0","0","0","0",,,"N"
"PL","Poland","2014PL16M2OP012","Śląskie Voivodeship - ERDF/ESF","ERDF","REACT-EU","2021","0","0","40520285","4457231.35","0","0","0","0","0","0","0","4457231.35","0","0","0","0","0","4457231.35","11","11","N"
"FR","France","2014FR05SFOP001","Employment and Social Inclusion - FR - ESF","ESF","Transition","2014","0","0","951446228","8939699.1","0","0","0","0","0","0","0","8939699.1","0","0","0","0","0","8939699.1","0.939590576631095","0.939590576631095","N"
"DE","Germany","2014DE05SFOP010","Nordrhein-Westfalen - ESF","ESF","More developed","2024","0","0","627000596","17681416.8","0","0","115712959.96","40377766.59","0","61521081.46","0","31495528.71","555127300.7","0","0","0","595505067.29","627000596","100","100","N"
"FR","France","2014FR05M2OP001","Guadeloupe et St Martin - ESF/ERDF","ERDF","Less developed","2020","0","0","32072762","884711.88","0","0","3907477.49","594064.69","0","2174916.72","0","2023207.96","11446964.39","2110986.68","0","0","9930042.4","11953250.36","37.2691642833879","37.2691642833879","N"
"PL","Poland","2014PL16M2OP010","Podlaskie Voivodeship - ERDF/ESF","ERDF","Less developed","2022","0","0","877582526","24596525.46","0","0","143737955.16","49963202.43","0","66896914.41","0","51474363.78","728933705.23","0","0","0","778896907.66","830371271.44","94.6203059927381","94.6203059927381","N"
"DE","Germany","2014DE05SFOP002","Federal Germany - ESF","ESF","Transition","2023","0","0","746745746","21058230.09","0","0","136066013.72","60676543.34","0","51961412.24","0","44486288.23","641582914.43","0","0","0","702259457.77","746745746","100","100","N"
"AT","Austria","2014AT05SFOP001","Employment - AT - ESF","ESF","More developed","2021","0","0","416781119","11753227.56","0","0","60245710.77","14904615.36","0","33027026.95","0","24067296.02","248398906.85","0","0","0","263303522.21","287370818.23","68.9500567874813","68.9500567874813","N"
"FR","France","2014FR16RFOP007","Réunion – ERDF","ERDF","Outermost or Northern Sparsely Populated","2021","0","0","190284816","5366031.78","0","0","27505670.02","4158204.78","0","17585415.65","0","11128081.37","76367189.02","0","0","0","80525393.8","91653475.17","48.1664680853989","48.1664680853989","N"
"PL","Poland","2014PL16M2OP014","Warmińsko-Mazurskie Voivodeship - ERDF/ESF","ERDF","Less developed","2019","0","0","1242117496","35027713.41","0","0","119678020.82","6002475.86","0","80107319.61","0","68595938.76","331150152.73","0","0","0","337152628.59","405748567.35","32.6658765098016","32.6658765098016","N"
"FR","France","2014FR16RFOP007","Réunion – ERDF","ERDF","Outermost or Northern Sparsely Populated","2016","0","0","190284816","5366031.78","0","0","3577354.52","0","0","0","0","8943386.3","0","0","0","0","0","8943386.3","4.69999997267254","4.69999997267254","N"
"BE","Belgium","2014BE16RFOP003","Wallonia - ERDF","ERDF","REACT-EU","2025","21425439.44","0","85315910","9715510.8","0","0","3412636.4","957452.31","0","2455184.09","0","9715510.8","53217507.45","0","0","0","54174959.76","63890470.56","74.8869355786043","59.8554083260051","N"
"IT","Italy","2014IT05SFOP014","Sicilia  - ESF","ESF","Less developed","2014","0","0","615072321","5781679.82","0","0","0","0","0","0","0","5781679.82","0","0","0","0","0","5781679.82","0.940000000422714","0.940000000422714","N"
"TC","Interreg","2014TC16RFCB034","Interreg V-A - France-Italy (ALCOTRA)","ERDF",,"2023","0","0","198876285","5966288.55","0","0","38283684.88","9104703.68","0","20382873.43","0","14762396.32","146499526.24","0","0","0","155604229.92","170366626.24","85.6646262474181","85.6646262474181","N"
"RO","Romania","2014RO05M9OP001","Human Capital - RO - ESF/YEI","YEI Specific Allocation",,"2014","0","0","105994315","0","0","0","0","0","0","0","0","0","0","0","0","0","0","0","0","0","N"
"TC","Interreg","2014TC16M5CB008",,"ENI",,"2021","0","0","74000000","0","0","0","0","0","0","0","0","0","0","0","0","0","0","0","0","0","N"
"UK","United Kingdom","2014UK16RFOP004","Scotland - ERDF","ERDF","Transition","2016","0","0","111957083","3157189.74","0","0","2104793.16","0","0","0","0","5261982.9","0","0","0","0","0","5261982.9","4.6999999991068","4.6999999991068","N"
"ES","Spain","2014ES06RDRP006","Cantabria - Rural Development","EAFRD","EURI","2021","0","0","8545722","0","0","0","0","0","0","0","0","0","0","0","0","0","0","0","0","0","N"
"GR","Greece","2014GR16M2OP002","Central Macedonia - ERDF/ESF","ESF","Less developed","2015","0","0","131244054","3695503.32","4311420.54","0","0","0","0","0","0","8006923.86","0","0","0","0","0","8006923.86","6.10078980035164","6.10078980035164","N"
"ES","Spain","2014ES16RFOP012","Ceuta  - ERDF","ERDF","REACT-EU","2022","0","0","15955008","2089068.3","0","0","319100.16","0","0","0","0","2408168.46","3164542.1","0","0","0","3164542.1","5572710.56","34.9276575730956","34.9276575730956","N"
"GR","Greece","2014GR16M2OP002","Central Macedonia - ERDF/ESF","ESF","Less developed","2014","0","0","131244054","1847751.66","0","0","0","0","0","0","0","1847751.66","0","0","0","0","0","1847751.66","1.40787456931192","1.40787456931192","N"
"UK","United Kingdom","2014UK16RFOP004","Scotland - ERDF","ERDF","Transition","2024","0","0","98416572","3157189.74","0","0","19994938.9","3972961.11","0","13019218.11","0","6159949.42","85560703.13","2551787.44","0","0","86981876.8","93141826.22","94.6403886329225","80.7128055946448","N"
"LT","Lithuania","2014LT06RDNP001","Lithuania - National Rural Development","EAFRD",,"2023","0","0","2097769297","49905787.2","0","0","0","0","0","0","0","49905787.2","1670749379.61","0","0","0","1670749379.61","1720655166.81","82.0230884907455","82.0230884907455","N"
"NL","Netherlands","2014NL16RFOP004","East Netherlands - ERDF","ERDF","More developed","2022","0","0","101043411","2828524.59","0","0","16594472.95","3768278.07","0","9369794.21","0","6284925.26","55119655.74","0","0","0","58887933.81","65172859.07","64.4998604312754","64.4998604312754","N"
"DK","Denmark","2014DK16RFOP001","Innovation and Sustainable Growth in Businesses - DK - ERDF","ERDF","More developed","2016","0","0","164596155","4641611.61","0","0","3094407.74","0","0","0","0","7736019.35","531065.5","0","0","0","531065.5","8267084.85","5.02264761288014","5.02264761288014","N"
"IT","Italy","2014IT05M2OP002","Governance and Institutional Capacity - IT - ESF/ERDF","ERDF","Transition","2020","0","0","11379971","300089.13","0","0","1325393.66","109897.57","0","730448.98","0","785136.24","4412599.71","0","0","0","4522497.28","5307633.52","46.6401322112332","46.6401322112332","N"
"CY","Cyprus","2014CY05M9OP001","Employment, Human Capital and Social Cohesion - CY - ESF/YEI","YEI Specific Allocation",,"2019","0","0","18136793","462884.04","3298048.79","0","1555404.28","324190.8","0","709780.68","0","4282365.63","8443532.01","0","0","0","8767722.81","13050088.44","71.953671412581","71.953671412581","N"
"ES","Spain","2014ES06RDRP012","Madrid - Rural Development","EAFRD","EURI","2020","0","0","0","0","0","0","0","0","0","0","0","0","0","0","0","0","0","0",,,"N"
"FR","France","2014FR16M2OP011","Guyane - ERDF/ESF","ERDF","Less developed","2015","0","0","286047696","5377696.68","0","0","0","0","0","0","0","5377696.68","0","0","0","0","0","5377696.68","1.87999999832196","1.87999999832196","N"
"DE","Germany","2014DE16RFOP014","Schleswig-Holstein - ERDF","ERDF","REACT-EU","2022","0","0","45822023","5234031.9","0","0","1614311.38","0","0","697870.92","0","6150472.36","11596007.44","0","0","0","11596007.44","17746479.8","38.7291495183441","38.7291495183441","N"
"ES","Spain","2014ES06RDRP001","Andalucía - Rural Development","EAFRD","EURI","2017","0","0","0","0","0","0","0","0","0","0","0","0","0","0","0","0","0","0",,,"N"
"BE","Belgium","2014BE16RFOP003","Wallonia - ERDF","ERDF","REACT-EU","2026","21425439.44","0","85315910","9715510.8","0","0","3412636.4","957452.31","0","2455184.09","0","9715510.8","53217507.45","0","0","0","54174959.76","63890470.56","74.8869355786043","59.8554083260051","Y"
"FR","France","2014FR16RFOP002","Interregional Loire - ERDF","ERDF","REACT-EU","2026","0","0","7822019","936247.5","0","0","312880.76","0","0","312880.76","0","936247.5","6885771.5","0","0","0","6885771.5","7822019","100","100","Y"
"BG","Bulgaria","2014BG16RFOP001","Regions in Growth - BG - ERDF","ERDF","Less developed","2020","0","0","1311704793","36990075.15","0","0","163372831.92","30299688.87","0","80365469.17","0","89697749.03","479047219.16","0","0","0","509346908.03","599044657.06","45.6691673505229","45.6691673505229","N"
"TC","Interreg","2014TC16RFCB051","Interreg V-A - Mayotte-Comores-Madagascar","ERDF",,"2022","0","0","11651527","360866.49","0","0","2053293.39","0","0","1474432.46","0","939727.42","1186069.72","1186069.72","0","0","0","939727.42","8.0652726462377","7.81225837843797","N"
"IT","Italy","2014IT05M9OP001","Youth Employment - IT - ESF/YEI","YEI Specific Allocation",,"2015","0","0","567511248","11350224.96","164578261.92","0","0","0","0","0","0","175928486.88","0","0","0","0","0","175928486.88","31","31","N"
"SE","Sweden","2014SE16RFOP009","National fund for investments in growth and jobs - ERDF","ERDF","REACT-EU","2025","0","1639060.18","73276193","8620402.35","0","0","4080434.7","2436263.22","5417726.69","2047817.21","1639060.18","1159969.75","62623173.16","0","0","0","70477163.07","73276193","100","97.8121142084886","N"
"IT","Italy","2014IT06RDRP009","Piemonte - Rural Development","EAFRD",,"2021","0","0","607216054.49","14139750","0","0","0","0","0","0","0","14139750","310661236.31","0","0","0","310661236.31","324800986.31","53.4901842446837","53.4901842446837","N"
"GR","Greece","2014GR16M2OP002","Central Macedonia - ERDF/ESF","ERDF","Less developed","2022","0","0","554277548","24053751.04","42094064.32","0","98719800.91","19650472.35","0","54717660.35","0","90499483.57","444127592.08","0","0","0","463778064.43","554277548","100","100","N"
"ES","Spain","2014ES06RDRP011","Galicia  - Rural Development","EAFRD",,"2022","0","0","1147150787","31143000","0","0","0","0","0","0","0","31143000","794218300.15","0","0","0","794218300.15","825361300.15","71.948806512914","71.948806512914","N"
"PT","Portugal","2014PT16M2OP006","Madeira - ERDF/ESF","ESF","REACT-EU","2021","0","0","22300000","2453000","0","0","446000","0","0","0","0","2899000","0","0","0","0","0","2899000","13","13","N"
"PT","Portugal","2014PT06RDRP001","Azores - Rural Development","EAFRD",,"2015","0","0","295282051","7382051.28","0","0","0","0","0","0","0","7382051.28","18793425.14","0","0","0","18793425.14","26175476.42","8.86456739627564","8.86456739627564","N"
"ES","Spain","2014ES05SFOP002","Employment training and education - ES - ESF","ESF","REACT-EU","2021","0","0","1144213425","125863476.75","0","0","0","0","0","0","0","125863476.75","0","0","0","0","0","125863476.75","11","11","N"
"BE","Belgium","2014BE05FMOP001","FEAD - Belgium","FEAD",,"2024","0","0","73821504","8120365.44","0","0","0","0","0","0","0","8120365.44","65701138.56","0","0","0","65701138.56","73821504","100","100","N"
"DE","Germany","2014DE05SFOP016","Bremen - ESF","ESF","More developed","2024","0","0","76161404","2147751.6","0","0","14055587.15","6091615.49","0","7079947.4","0","3031775.86","66190382.1","0","0","0","72281997.59","75313773.45","98.8870602359169","98.8870602359169","N"
"GR","Greece","2014GR16M2OP010","North Aegean - ERDF/ESF","ERDF","Transition","2018","0","0","215180871","8053290.64","14093258.62","0","14866081.63","1044000.66","0","8267616.64","0","27701013.59","33432936.68","0","0","0","34476937.34","62177950.93","28.8956683933118","28.8956683933118","N"
"RO","Romania","2014RO14MFOP001","Maritime and Fisheries - Romania","EMFF",,"2015","0","0","168421371","4749482.67","0","0","0","0","0","0","0","4749482.67","0","0","0","0","0","4749482.67","2.82000000463124","2.82000000463124","N"
"SE","Sweden","2014SE14MFOP001","Maritime and Fisheries - Sweden","EMFF",,"2025","22041848.76","0","120156004","3388399.32","0","0","22174790.6","6558880.3","0","15385179.49","0","3619130.13","87936144.81","0","0","0","94495025.11","98114155.24","81.655640978207","68.998338115271","N"
"SK","Slovakia","2014SK16RFOP002","Integrated Regional Programme - SK - ERDF","ERDF","More developed","2018","0","0","86667507","2442551.34","0","0","6004605.38","257739.36","0","3507860.62","0","4681556.74","16186234.96","0","0","0","16443974.32","21125531.06","24.3753764141387","24.3753764141387","N"
"FR","France","2014FR16M0OP014","Bourgogne - ERDF/ESF/YEI","YEI",,"2017","0","0","6114794","0","0","0","0","0","0","0","0","0","0","0","0","0","0","0","0","0","N"
"SE","Sweden","2014SE16RFOP009","National fund for investments in growth and jobs - ERDF","ERDF","REACT-EU","2026","0","1639060.18","73276193","8620402.35","0","0","4080434.7","3596232.97","5417726.69","2047817.21","1639060.18","0","62623173.16","0","0","0","71637132.82","73276193","100","97.8121142084886","Y"
"UK","United Kingdom","2014UK05M9OP001","England  - ESF/YEI","ESF","Less developed","2019","0","0","158545900","4883127.51","0","0","16306966.02","43883.52","0","11978379.55","0","9167830.46","26822284.99","0","0","0","26866168.51","36033998.97","22.7278024660366","22.7278024660366","N"
"ES","Spain","2014ES05SFOP012","Social inclusion and social economy - ES - ESF","ESF","More developed","2022","0","0","277347114","7885811.68","0","0","42050866.72","13689801.45","0","21053638.1","0","15193238.85","221744534.73","125182.92","0","0","235309153.26","250502392.11","90.3208937339078","90.3208937339078","N"
"DE","Germany","2014DE05SFOP009","Mecklenburg-Vorpommern - ESF","ESF","Transition","2021","0","0","384589073","10845411.87","0","0","55592350.56","11413475.25","0","31909539","0","23114748.18","245506661.29","0","0","0","256920136.54","280034884.72","72.8140512510089","72.8140512510089","N"
"SE","Sweden","2014SE16RFOP003","West Sweden - ERDF","ERDF","More developed","2022","0","0","55221051","1579688.52","0","0","9121241.45","3582812.19","0","3525664.53","0","3592453.25","41139464.93","0","0","0","44722277.12","48314730.37","87.4933191148426","87.4933191148426","N"
"DE","Germany","2014DE06RDRP011","Mecklenburg-Vorpommern - Rural Development","EAFRD",,"2018","0","0","936781072","28103432.16","0","0","0","0","0","0","0","28103432.16","228303355.44","0","0","0","228303355.44","256406787.6","27.371047010224","27.371047010224","N"
"BG","Bulgaria","2014BG16RFOP002","Innovations and Competitiveness - BG - ERDF","ERDF","REACT-EU","2022","0","0","205311713","54297181.8","0","0","3806234.26","0","0","0","0","58103416.06","95962239.75","0","0","0","95962239.75","154065655.81","75.0398764682266","75.0398764682266","N"
"ES","Spain","2014ES05SFOP002","Employment training and education - ES - ESF","ESF","Transition","2024","0","0","1409872300","40791204.72","0","0","248032633.37","77604364.91","0","145017553.74","0","66201919.44","1266066015.65","0","0","0","1343670380.56","1409872300","100","100","N"
"PL","Poland","2014PL16M2OP005","Łódzkie Voivodeship - ERDF/ESF","ESF","Less developed","2015","0","0","634615728","11930775.68","0","0","0","0","0","0","0","11930775.68","0","0","0","0","0","11930775.68","1.87999999899152","1.87999999899152","N"
"DE","Germany","2014DE16RFOP015","Thüringen - ERDF","ERDF","Transition","2019","0","0","1165077915","32855197.2","0","0","112255257.11","17285127.94","0","63483898.52","0","64341427.85","346670720.58","0","0","0","363955848.52","428297276.37","36.7612561233727","36.7612561233727","N"
"LU","Luxembourg","2014LU06RDNP001","Luxembourg - National Rural Development","EAFRD",,"2016","0","0","100574600","3017238","0","0","0","0","0","0","0","3017238","18565479.46","0","0","0","18565479.46","21582717.46","21.4594116804839","21.4594116804839","N"
"IT","Italy","2014IT16RFOP018","Trento - ERDF","ERDF","More developed","2016","0","0","54334047","1532220.12","0","0","1021480.08","0","0","0","0","2553700.2","0","0","0","0","0","2553700.2","4.6999999834358","4.6999999834358","N"
"TC","Interreg","2014TC16RFCB043","Interreg V-A - Saint Martin-Sint Maarten","ERDF",,"2018","0","0","10000000","300000","0","0","737500","0","0","462500","0","575000","0","0","0","0","0","575000","5.75","5.75","N"
"DE","Germany","2014DE05SFOP004","Bayern - ESF","ESF","More developed","2019","0","0","297878586","8400176.13","0","0","28700601.78","0","0","20650432.99","0","16450344.92","99951921.67","936998.76","0","0","99014922.91","115465267.83","38.762527169375","38.762527169375","N"
"SE","Sweden","2014SE14MFOP001","Maritime and Fisheries - Sweden","EMFF",,"2026","22041848.76","0","120156004","3388399.32","0","0","22174790.6","6558880.3","0","15385179.49","0","3619130.13","87936144.81","0","0","0","94495025.11","98114155.24","81.655640978207","68.998338115271","Y"
"IT","Italy","2014IT05SFOP015","Toscana  - ESF","ESF","More developed","2024","0","0","373194917","10334781.36","0","0","60573081.02","33968084.7","0","26937396.38","0","10002381.3","329224451","0","0","0","363192535.7","373194917","100","100","N"
"ES","Spain","2014ES06RDRP016","La Rioja  - Rural Development","EAFRD",,"2015","0","0","70010129","1750253.23","0","0","0","0","0","0","0","1750253.23","887514.08","0","0","0","887514.08","2637767.31","3.76769382898866","3.76769382898866","N"
"EE","Estonia","2014EE16M3OP001","Cohesion Policy Funding - EE - ERDF/ESF/CF","ERDF","Less developed","2024","0","0","1861084020","52854171.27","0","0","343919067.09","87599126.81","0","217892276.12","0","91281835.43","1708424479.28","26221421.52","0","0","1769802184.57","1861084020","100","100","N"
"ES","Spain","2014ES05SFOP014","Canarias - ESF","ESF","REACT-EU","2023","0","0","228203624","22221988.35","0","0","7527004.26","0","0","2962931.78","0","26786060.83","100331059.2","0","0","0","100331059.2","127117120.03","55.7033748202001","55.7033748202001","N"
"IT","Italy","2014IT16M2OP003","Legality - IT - ERDF/ESF","ERDF","Less developed","2024","0","0","246090872","5508306","0","0","49147103.83","16415084.67","0","28671945.03","0","9568380.13","215037846","0","0","0","231452930.67","241021310.8","97.9399637382731","97.9399637382731","N"
"FR","France","2014FR16M0OP003","Centre - ERDF/ESF/YEI","ERDF","More developed","2019","0","0","179865447","5072205.6","0","0","17330035.8","1540931.08","0","10928241.02","0","9933069.3","51463217.07","0","0","0","53004148.15","62937217.45","34.9912773685765","34.9912773685765","N"
"EE","Estonia","2014EE16M3OP001","Cohesion Policy Funding - EE - ERDF/ESF/CF","ESF","Less developed","2022","0","0","576583967","16552751.67","0","0","95445604.31","28113196.95","0","46144306.08","0","37740852.95","467479663.07","2256.55","0","0","495590603.47","533331456.42","92.498488848893","92.498488848893","N"
"IT","Italy","2014IT05SFOP005","Lazio  - ESF","ESF","More developed","2017","0","0","451267357","12725739.48","0","0","19618848.37","0","0","8483826.32","0","23860761.53","4545129.64","0","0","0","4545129.64","28405891.17","6.29469221058682","6.29469221058682","N"
"DE","Germany","2014DE16RFOP015","Thüringen - ERDF","ERDF","Transition","2024","0","0","1165077915","32855197.2","0","0","215015129.21","44225452.68","0","139303445.88","0","64341427.85","1058252968.77","1741934.3","0","0","1100736487.15","1165077915","100","100","N"
"FR","France","2014FR16M0OP005","Haute-Normandie - ERDF/ESF/YEI","YEI",,"2024","0","0","24328726","477052.86","2305755.49","0","4293532.68","1383892.24","0","2157502.35","0","3534946.44","19761935.76","0","0","0","21145828","24680774.44","101.447048398671","101.447048398671","N"
"PL","Poland","2014PL16M1OP001","Infrastructure and Environment - PL - ERDF/CF","CF",,"2021","0","0","22436807603","633461590.08","0","0","3246348591.58","945318914.16","0","1483262557.92","0","1451228709.58","14902492985.2","0","0","0","15847811899.36","17299040608.94","77.1011674879583","77.1011674879583","N"
"ES","Spain","2014ES05SFOP011","País Vasco - ESF","ESF","REACT-EU","2024","0","0","106382823","13929211.05","0","0","4255312.92","4233016.49","0","2127656.46","0","11823851.02","90325955.49","0","0","0","94558971.98","106382823","100","100","N"
"IT","Italy","2014IT05M9OP001","Youth Employment - IT - ESF/YEI","YEI Specific Allocation",,"2018","0","0","910532280","17025337.44","164578261.92","0","51287032.92","4011011.9","0","22236383.32","0","206643237.06","403326893.01","0","0","0","407337904.91","613981141.97","67.4310132058141","67.4310132058141","N"
"IT","Italy","2014IT16RFOP013","Marche - ERDF","ERDF","More developed","2016","0","0","168691644","4757104.35","0","0","3171402.9","0","0","0","0","7928507.25","0","0","0","0","0","7928507.25","4.69999998932964","4.69999998932964","N"
"DK","Denmark","2014DK05SFOP001","Educational and Entrepreneurial Growth - DK - ESF","ESF","Transition","2019","0","0","45285762","1184955.12","0","0","4221290.35","757624.58","0","2239818.12","0","2408802.77","13196845.56","0","0","0","13954470.14","16363272.91","36.1333721402325","36.1333721402325","N"
"DE","Germany","2014DE06RDRP011","Mecklenburg-Vorpommern - Rural Development","EAFRD","EURI","2018","0","0","0","0","0","0","0","0","0","0","0","0","0","0","0","0","0","0",,,"N"
"GR","Greece","2014GR16M2OP013","South Aegean - ERDF/ESF","ERDF","More developed","2017","0","0","62383393","2334313.68","4085048.94","0","2699050.19","267767.66","0","899389.18","0","7951255.97","8646761.41","0","0","0","8914529.07","16865785.04","27.0356968881125","27.0356968881125","N"
"IT","Italy","2014IT05SFOP001","Social Inclusion - IT - ESF","ESF","Less developed","2022","0","0","610138305","17572830","0","0","105007643.86","4725929.09","0","63369507.02","0","54485037.75","295100923.24","1262409.24","0","0","298564443.09","353049480.84","57.8638446310956","55.6134656602758","N"
"FR","France","2014FR16M2OP006","Limousin - ERDF/ESF","ERDF","Transition","2021","0","0","125558965","3540762.81","0","0","18149548.39","1294479.8","0","11090520.41","0","9305310.99","101923641.29","742221.75","0","0","102475899.34","111781210.33","89.0268650510141","89.0268650510141","N"
"UK","United Kingdom","2014UK16RFOP001","England - ERDF","ERDF","More developed","2019","0","0","2087395394","59296219.11","0","0","202181732.46","12760864.99","0","133009007.01","0","115708079.57","492250911.21","0","0","0","505011776.2","620719855.77","29.7365730303992","29.7365730303992","N"
"TC","Interreg","2014TC16RFCB004","Interreg V-A - Austria–Germany/Bayern","ERDF",,"2020","0","0","54478064","1634341.92","0","0","7218343.48","1249309.58","0","3719233.86","0","3884141.96","25578189.97","0","0","0","26827499.55","30711641.51","56.3743262058652","56.3743262058652","N"
"FR","France","2014FR06RDRP001","Guadeloupe - Rural Development","EAFRD",,"2018","0","0","174024818","5220744.54","0","0","0","0","0","0","0","5220744.54","29505751.8","0","0","0","29505751.8","34726496.34","19.9549103048049","19.9549103048049","N"
"DE","Germany","2014DE06RDRP018","Saarland - Rural Development","EAFRD",,"2020","0","0","33609276","1008278.28","0","0","0","0","0","0","0","1008278.28","21793935.9","0","0","0","21793935.9","22802214.18","67.845002611779","67.845002611779","N"
"MT","Malta","2014MT16M1OP001","Fostering a competitive and sustainable economy - MT - ERDF/CF","CF",,"2020","0","0","204992109","6140327.46","0","0","27119779.62","4844500.76","0","13821135.47","0","14594470.85","79957153.12","0","0","0","84801653.88","99396124.73","48.4877809272161","48.4877809272161","N"
"SK","Slovakia","2014SK06RDNP001","Slovakia - National Rural Development","EAFRD",,"2025","0","0","1894631287.08","46790755.32","0","0","0","0","0","0","0","46790755.32","1758245970.63","0","0","0","1758245970.63","1805036725.95","95.2711347194059","95.2711347194059","N"
"FR","France","2014FR06RDRP006","Mayotte - Rural Development","EAFRD",,"2021","0","0","75240550","1800000","0","0","0","0","0","0","0","1800000","23636895.24","0","0","0","23636895.24","25436895.24","33.8074286272495","33.8074286272495","N"
"TC","Interreg","2014TC16RFTN005","Interreg V-B - North Sea","ERDF",,"2018","0","0","167253971","5017619.13","0","0","12334980.36","159203.65","0","7576292.51","0","9617103.33","15133656.47","0","0","0","15292860.12","24909963.45","14.893495981629","14.893495981629","N"
"UK","United Kingdom","2014UK05M9OP001","England  - ESF/YEI","ESF","Less developed","2025","10835544.8","5634589.24","158818961","4883127.51","0","0","30307098.06","3345870.58","3533241.22","22676524.53","5634589.24","0","141181631.08","5711915.92","0","0","142348826.96","147983416.2","93.1774236956505","84.4224885559658","N"
"PT","Portugal","2014PT05SFOP001","Human Capital - PT - ESF","ESF","Less developed","2018","0","0","3095832100","101852876.09","0","0","214618560.34","48326309.89","0","86264990.66","0","181880135.88","1252741903.07","0","0","0","1301068212.96","1482948348.84","47.9014462328238","47.9014462328238","N"
"PL","Poland","2014PL16M1OP001","Infrastructure and Environment - PL - ERDF/CF","ERDF","REACT-EU","2023","0","0","767890627","303693505.65","0","0","28855301.68","0","0","13497489.14","0","319051318.19","448839308.81","0","0","0","448839308.81","767890627","100","100","N"
"IT","Italy","2014IT06RDRP005","Lazio - Rural Development","EAFRD","EURI","2018","0","0","0","0","0","0","0","0","0","0","0","0","0","0","0","0","0","0",,,"N"
"FR","France","2014FR06RDRP074","Limousin - Rural Development","EAFRD",,"2024","0","0","806284667","18572859","0","0","0","0","0","0","0","18572859","754919952.81","0","0","0","754919952.81","773492811.81","95.9329680282758","95.9329680282758","N"
"IT","Italy","2014IT06RDRP011","Trento - Rural Development","EAFRD",,"2024","0","0","166255378.57","3887160","0","0","0","0","0","0","0","3887160","135522833.67","0","0","0","135522833.67","139409993.67","83.8529224552594","83.8529224552594","N"
"PL","Poland","2014PL16RFOP002","Digital Poland - ERDF","ERDF","Less developed","2020","0","0","2023437714","57060943.56","0","0","252019167.4","52004356.11","0","115011816.93","0","142063937.92","787311399.59","0","0","0","839315755.7","981379693.62","48.5006129336186","48.5006129336186","N"
"FR","France","2014FR06RDRP021","Champagne-Ardenne - Rural Development","EAFRD",,"2015","0","0","201761137","4035222.74","0","0","0","0","0","0","0","4035222.74","2474529.72","0","0","0","2474529.72","6509752.46","3.22646499558535","3.22646499558535","N"
"FR","France","2014FR06RDRP004","Réunion - Rural Development","EAFRD","EURI","2020","0","0","0","0","0","0","0","0","0","0","0","0","0","0","0","0","0","0",,,"N"
"PT","Portugal","2014PT16M2OP002","Centro - ERDF/ESF","ERDF","Less developed","2020","0","0","1814311682","57575672.98","0","0","215756047.72","44129008.78","0","94633612.83","0","134569099.09","793781627.44","0","0","0","837910636.22","972479735.31","53.600478074307","53.600478074307","N"
"FR","France","2014FR06RDRP004","Réunion - Rural Development","EAFRD","EURI","2021","0","0","46861300","0","0","0","0","0","0","0","0","0","0","0","0","0","0","0","0","0","N"
"TC","Interreg","2014TC16RFCB002","Interreg V-A - Austria-Czech Republic","ERDF",,"2020","0","0","97814933","2934447.99","0","0","12960478.62","465620.44","0","7213851.31","0","8215454.86","24824793.42","0","0","0","25290413.86","33505868.72","34.2543492004437","34.2543492004437","N"
"FR","France","2014FR16M0OP012","Nord-Pas de Calais - ERDF/ESF/YEI","ESF","Transition","2020","0","0","115222227","3662343.24","0","0","15279025.79","2328477.26","0","7483815.95","0","9129075.82","56724334.34","0","0","0","59052811.6","68181887.42","59.1742489233436","59.1742489233436","N"
"IT","Italy","2014IT16RFOP021","Veneto - ERDF","ERDF","More developed","2024","0","0","300155358","8464381.11","0","0","55393671.4","18287804.13","0","34479980.01","0","11090268.37","270777285.5","0","0","0","289065089.63","300155358","100","100","N"
"UK","United Kingdom","2014UK05M9OP001","England  - ESF/YEI","YEI",,"2025","0","0","319576848","9587305.44","46338642.96","46338642.96","61518543.24","19335761.92","9387569.91","40145855.26","0","2236661.59","309797120.71","17105975.75","0","0","319576848","321813509.59","100.69988223615","100.69988223615","N"
"IT","Italy","2014IT06RDRP015","Molise - Rural Development","EAFRD","EURI","2022","0","0","10643314.01","0","0","0","0","0","0","0","0","0","0","0","0","0","0","0","0","0","N"
"UK","United Kingdom","2014UK05M9OP001","England  - ESF/YEI","ESF","Transition","2025","0","0","824289608","19961322.21","0","0","138623960.52","26089559.55","38815018.54","93555173.09","0","125531.55","771621521.08","10739404.01","0","0","825786695.16","825912226.71","100.196850560076","100.196850560076","N"
"IT","Italy","2014IT16RFOP003","Enterprises and Competitiveness - IT - ERDF","ERDF","Transition","2021","0","0","114187419","2132300","0","0","15324529.39","2030105.04","0","9431159.36","0","5995564.99","99618189.38","0","0","0","101648294.42","107643859.41","94.2694566115029","94.2694566115029","N"
"FR","France","2014FR16M2OP009","Poitou-Charentes - ERDF/ESF","ERDF","REACT-EU","2021","0","0","43814974","4819647.14","0","0","876299.48","0","0","0","0","5695946.62","0","0","0","0","0","5695946.62","13","13","N"
"ES","Spain","2014ES06RDNP001","Spain - National Rural Development","EAFRD",,"2020","0","0","237828821","8324008.74","0","0","0","0","0","0","0","8324008.74","90941050.33","0","0","0","90941050.33","99265059.07","41.7380276505681","41.7380276505681","N"
"LU","Luxembourg","2014LU05SFOP001","Luxembourg - ESF","ESF","REACT-EU","2021","0","0","69687379","7665611.69","0","0","1393747.58","0","0","0","0","9059359.27","60628019.73","0","0","0","60628019.73","69687379","100","100","N"
"FR","France","2014FR06RDRP022","Picardie - Rural Development","EAFRD",,"2024","0","0","177201047.16","4160812.2","0","0","0","0","0","0","0","4160812.2","147981625.76","0","0","0","147981625.76","152142437.96","85.8586562542298","85.8586562542298","N"
"UK","United Kingdom","2014UK05M9OP001","England  - ESF/YEI","ESF","Transition","2026","0","0","824289608","19961322.21","0","0","138623960.52","26089559.55","38815018.54","93555173.09","0","125531.55","771621521.08","10739404.01","0","0","825786695.16","825912226.71","100.196850560076","100.196850560076","Y"
"TC","Interreg","2014TC16RFCB016","Interreg V-A - Sweden-Norway","ERDF",,"2015","0","0","47199965","943999.3","0","0","0","0","0","0","0","943999.3","0","0","0","0","0","943999.3","2","2","N"
"DE","Germany","2014DE06RDRP019","Sachsen - Rural Development","EAFRD",,"2017","0","0","878973146","26369194.38","0","0","0","0","0","0","0","26369194.38","146937623.04","0","0","0","146937623.04","173306817.42","19.7169638468113","19.7169638468113","N"
"TC","Interreg","2014TC16I5CB005","IPA CBC Bulgaria - Turkey","IPAE",,"2024","0","0","12598230","2603893.5","0","0","0","804120.14","0","0","0","1799773.36","10031338.69","37002.19","0","0","10798456.64","12598230","100","100","N"
"FR","France","2014FR16RFOP007","Réunion – ERDF","ERDF","REACT-EU","2023","0","0","340948106","38398441.05","0","0","18757716.38","0","0","11938754.26","0","45217403.17","176838172.43","0","0","0","176838172.43","222055575.6","65.1288485526885","65.1288485526885","N"
"PL","Poland","2014PL16M2OP008","Opolskie Voivodeship - ERDF/ESF","ESF","Less developed","2023","0","0","265814879","7495979.58","0","0","49056135.89","14722447.36","0","24082744.91","0","17746923.2","233345508.44","0","0","0","248067955.8","265814879","100","100","N"
"PL","Poland","2014PL16M2OP006","Małopolskie Voivodeship - ERDF/ESF","ESF","Less developed","2018","0","0","809628262","22831516.95","0","0","56127479.18","0","0","35198588.64","0","43760407.49","136959428.43","5043493.88","0","0","131915934.55","175676342.04","21.6983954594213","21.6983954594213","N"
"RO","Romania","2014RO16RFOP002","Integrated Regional Programme - RO - ERDF","ERDF","Less developed","2020","0","0","6503361701","238209460.6","0","0","802868838.25","52300500.27","0","430720714.83","0","558057083.75","1962747616.84","0","0","0","2015048117.11","2573105200.86","39.5657710452172","39.5657710452172","N"
"UK","United Kingdom","2014UK05M9OP001","England  - ESF/YEI","ESF","More developed","2025","0","0","2183824757","63960695.16","0","0","414751992.12","47129515.99","131838251.78","302107112.65","0","-2362193.14","2029790073.15","28267799.87","0","0","2180490041.05","2178127847.91","99.7391315822508","99.7391315822508","N"
"UK","United Kingdom","2014UK05M9OP001","England  - ESF/YEI","ESF","Less developed","2026","10835544.8","5634589.24","158818961","4883127.51","0","0","30307098.06","3345870.58","3533241.22","22676524.53","5634589.24","0","141181631.08","5711915.92","0","0","142348826.96","147983416.2","93.1774236956505","84.4224885559658","Y"
"UK","United Kingdom","2014UK05M9OP001","England  - ESF/YEI","ESF","More developed","2026","0","0","2183824757","63960695.16","0","0","414751992.12","47129515.99","131838251.78","302107112.65","0","-2362193.14","2029790073.15","28267799.87","0","0","2180490041.05","2178127847.91","99.7391315822508","99.7391315822508","Y"
"GR","Greece","2014GR16M2OP008","Pelonnesus - ERDF/ESF","ESF","Transition","2017","0","0","64816751","2082550.56","3644463.48","0","2407949.08","0","0","1041275.28","0","7093687.84","5641661.33","0","0","0","5641661.33","12735349.17","19.6482374903364","19.6482374903364","N"
"PT","Portugal","2014PT16M2OP004","Azores - ERDF/ESF","ERDF","Outermost or Northern Sparsely Populated","2020","0","0","57500000","1891750","0","0","7161625","1418812.5","0","2567375","0","5067187.5","48086633","0","0","0","49505445.5","54572633","94.9089269565217","94.9089269565217","N"
"ES","Spain","2014ES16RFOP016","La Rioja  - ERDF","ERDF","More developed","2014","0","0","33806515","0","0","0","0","0","0","0","0","0","0","0","0","0","0","0","0","0","N"
"HR","Croatia","2014HR05M9OP001","Efficient Human Resources - HR - ESF/YEI","YEI",,"2019","0","0","206310104","3970628.64","19191371.76","0","17517079.18","2985551.88","0","8707061.8","0","28986465.9","125449069.36","0","0","0","128434621.24","157421087.14","76.3031398307084","76.3031398307084","N"
"IT","Italy","2014IT16M2OP006","Calabria  - ERDF/ESF","ESF","Less developed","2018","0","0","254339876","7172384.49","0","0","17632111.88","141337.08","0","10916089.02","0","13747070.27","7211062.64","0","0","0","7352399.72","21099469.99","8.29577741478493","8.29577741478493","N"
"UK","United Kingdom","2014UK05M9OP001","England  - ESF/YEI","YEI",,"2026","0","0","319576848","9587305.44","46338642.96","46338642.96","61518543.24","19335761.92","9387569.91","40145855.26","0","2236661.59","309797120.71","17105975.75","0","0","319576848","321813509.59","100.69988223615","100.69988223615","Y"
"NL","Netherlands","2014NL06RDNP001","Netherlands - National Rural Development","EAFRD","EURI","2024","0","0","52436369","0","0","0","0","0","0","0","0","0","21701332.28","0","0","0","21701332.28","21701332.28","41.386031668211","41.386031668211","N"
"AT","Austria","2014AT06RDNP001","Austria - National Rural Development","EAFRD","EURI","2018","0","0","0","0","0","0","0","0","0","0","0","0","0","0","0","0","0","0",,,"N"
"IT","Italy","2014IT05SFOP008","Marche  - ESF","ESF","More developed","2017","0","0","143989809","4060512.6","0","0","6259956.93","0","0","2707008.4","0","7613461.13","2594247.51","0","0","0","2594247.51","10207708.64","7.08918826331661","7.08918826331661","N"
"SE","Sweden","2014SE16RFOP007","Central Norrland - ERDF","ERDF","Outermost or Northern Sparsely Populated","2024","0","0","87237475","2453554.02","0","0","16070778.77","7346214.43","0","8107886.37","0","3070231.99","76380177.76","0","0","0","83726392.19","86796624.18","99.494654309974","99.494654309974","N"
"FR","France","2014FR06RDRP074","Limousin - Rural Development","EAFRD","EURI","2015","0","0","0","0","0","0","0","0","0","0","0","0","0","0","0","0","0","0",,,"N"
"BE","Belgium","2014BE05M9OP002","Brussels-Capital Region : Investment for growth and jobs - ESF/YEI","ESF","REACT-EU","2022","0","0","5779319","446897.85","0","0","115586.38","0","0","0","0","562484.23","0","0","0","0","0","562484.23","9.73270778096866","9.73270778096866","N"
"EE","Estonia","2014EE16M3OP001","Cohesion Policy Funding - EE - ERDF/ESF/CF","ERDF","Less developed","2018","0","0","1861084020","52854171.27","0","0","129475660.93","14237564.81","0","67245949.22","0","100846318.17","378761093","0","0","0","392998657.81","493844975.98","26.535340192755","26.535340192755","N"
"ES","Spain","2014ES05SFOP016","Extremadura - ESF","ESF","REACT-EU","2022","0","0","87129322","11408258.1","0","0","1521101.08","0","0","0","0","12929359.18","45234081.75","0","0","0","45234081.75","58163440.93","66.7553007356123","66.7553007356123","N"
"GR","Greece","2014GR16M1OP001","Transport Infrastructure Environment and Sustainable Development - GR - ERDF/CF","ERDF","Transition","2024","0","0","216240884","6247924.16","10933867.28","0","41213862.53","10677503.36","0","25193425.9","0","22524724.71","185684581.87","2645925.94","0","0","193716159.29","216240884","100","100","N"
"PT","Portugal","2014PT05M9OP001","Social Inclusion and Employment - PT - ESF/YEI","YEI ESF Matching Component",,"2022","0","0","225153173","5627025.92","0","0","26764765.63","16482702.99","0","8346610.45","0","7562478.11","217661228.46","1143311.71","0","0","225153173","232715651.11","103.358814805599","103.358814805599","N"
"FR","France","2014FR06RDRP023","Haute-Normandie - Rural Development","EAFRD","EURI","2023","0","0","0","0","0","0","0","0","0","0","0","0","0","0","0","0","0","0",,,"N"
"PL","Poland","2014PL16M2OP011","Pomorskie Voivodeship - ERDF/ESF","ESF","Less developed","2019","0","0","524562530","14792663.34","0","0","50541599.76","7627526.52","0","28737770.87","0","28968965.71","226438407.27","6186685.82","0","0","227879247.97","256848213.68","48.9642700327833","48.9642700327833","N"
"IT","Italy","2014IT06RDRP006","Liguria - Rural Development","EAFRD","EURI","2015","0","0","0","0","0","0","0","0","0","0","0","0","0","0","0","0","0","0",,,"N"
"IE","Ireland","2014IE06RDNP001","Ireland - National Rural Development","EAFRD",,"2024","0","0","2882821487","76670725.36","0","0","0","0","0","0","0","76670725.36","2758732625.85","0","0","0","2758732625.85","2835403351.21","98.3551483848781","98.3551483848781","N"
"FR","France","2014FR06RDRP073","Midi-Pyrénées - Rural Development","EAFRD",,"2017","0","0","1307335083","39220052.49","0","0","0","0","0","0","0","39220052.49","430042393.7","0","0","0","430042393.7","469262446.19","35.8945806849429","35.8945806849429","N"
"SE","Sweden","2014SE16RFOP009","National fund for investments in growth and jobs - ERDF","ERDF","More developed","2017","0","0","131350695","3757501.86","0","0","5792815.37","0","0","2505001.24","0","7045315.99","33087921.67","0","0","0","33087921.67","40133237.66","30.5542636527351","30.5542636527351","N"
"DE","Germany","2014DE06RDRN001","Germany - Rural Network","EAFRD",,"2019","0","0","5000000","150000","0","0","0","0","0","0","0","150000","2889468.58","0","0","0","2889468.58","3039468.58","60.7893716","60.7893716","N"
"FI","Finland","2014FI06RDRP001","Mainland Finland - Rural Development","EAFRD",,"2019","0","0","2359699338","70790980.14","0","0","0","0","0","0","0","70790980.14","1717287723.21","0","0","0","1717287723.21","1788078703.35","75.7757005121472","75.7757005121472","N"
"BE","Belgium","2014BE05M9OP002","Brussels-Capital Region : Investment for growth and jobs - ESF/YEI","ESF","REACT-EU","2026","758702.54","0","5779319","446897.85","0","0","231172.76","0","0","231172.76","0","446897.85","4573718.61","0","0","0","4573718.61","5020616.46","86.8721117488064","76.791066368986","Y"
"ES","Spain","2014ES05SFOP019","Cantabria - ESF","ESF","More developed","2017","0","0","22602882","743634.78","0","0","982660.25","0","0","424934.16","0","1301360.87","0","0","0","0","0","1301360.87","5.75749972945928","5.75749972945928","N"
"SK","Slovakia","2014SK05M0OP001","Human Resources - SK - ESF/ERDF/YEI","ESF","Less developed","2025","2851763.39","0","2133301794","49713266.07","0","0","348001770.82","126398534.48","0","191592295.66","0","79724206.75","2030259054.19","106879654.94","0","0","2049777933.73","2129502140.48","99.8218886080401","99.6886264619419","N"
"ES","Spain","2014ES05SFTA001","Technical Assistance - ES - ESF","ESF","Transition","2023","0","0","16726460","731782.59","0","0","3648458.99","1104986.39","0","1772427.74","0","1502827.45","14118646.12","0","0","0","15223632.51","16726459.96","99.999999760858","99.999999760858","N"
"GR","Greece","2014GR05M9OP001","Human Resources Development Education and Lifelong Learning - GR - ESF/YEI","YEI ESF Matching Component",,"2023","0","0","256178866","6860681.17","0","0","39919342.34","4807212.39","0","23843367.56","0","18129443.56","117677277.89","4148291.41","0","0","118336198.87","136465642.43","53.2696723038816","53.2696723038816","N"
"FR","France","2014FR16RFOP002","Interregional Loire - ERDF","ERDF","Transition","2018","0","0","19404000","547192.8","0","0","1345182.31","32869.59","0","810719.32","0","1048786.2","3751921.97","0","0","0","3784791.56","4833577.76","24.9102131519274","24.9102131519274","N"
"CZ","Czechia","2014CZ16M2OP001","Prague Growth Pole - ERDF/ESF","ESF","More developed","2015","0","0","47978445","901994.76","0","0","0","0","0","0","0","901994.76","0","0","0","0","0","901994.76","1.87999998749438","1.87999998749438","N"
"FR","France","2014FR06RDRP025","Basse-Normandie - Rural Development","EAFRD",,"2015","0","0","308692138","6173842.76","0","0","0","0","0","0","0","6173842.76","3761195.93","0","0","0","3761195.93","9935038.69","3.21842945349","3.21842945349","N"
"FR","France","2014FR16M0OP005","Haute-Normandie - ERDF/ESF/YEI","YEI ESF Matching Component",,"2021","0","0","12164363","238526.43","0","0","1660191.82","690947.19","0","597654.21","0","610116.85","6368288.95","0","0","0","7059236.14","7669352.99","63.0477156099337","63.0477156099337","N"
"IT","Italy","2014IT06RDRP003","Emilia-Romagna - Rural Development","EAFRD","EURI","2022","0","0","53430713.64","0","0","0","0","0","0","0","0","0","0","0","0","0","0","0","0","0","N"
"FI","Finland","2016FI16RFSM001","SME Initiative - FI - ERDF","ERDF","More developed","2022","0","0","20000000","0","0","0","2250000","575000","0","1675000","0","0","19425000","0","0","0","20000000","20000000","100","100","N"
"NL","Netherlands","2014NL05SFOP001","Netherlands - ESF","ESF","More developed","2022","0","0","510282703","14306374.02","0","0","83838138.15","31463070.35","0","36385838.55","0","30295603.27","377418751.52","0","0","0","408881821.87","439177425.14","86.0655128143742","86.0655128143742","N"
"FR","France","2014FR06RDRP073","Midi-Pyrénées - Rural Development","EAFRD",,"2016","0","0","1307335083","39220052.49","0","0","0","0","0","0","0","39220052.49","130897499.4","0","0","0","130897499.4","170117551.89","13.0125439225285","13.0125439225285","N"
"BE","Belgium","2014BE05M9OP002","Brussels-Capital Region : Investment for growth and jobs - ESF/YEI","ESF","REACT-EU","2025","758702.54","0","5779319","446897.85","0","0","231172.76","0","0","231172.76","0","446897.85","4573718.61","0","0","0","4573718.61","5020616.46","86.8721117488064","76.791066368986","N"
"TC","Interreg","2014TC16I5CB001","IPA CBC Hungary - Serbia","IPAE",,"2016","0","0","32562000","5726017","0","0","0","0","0","0","0","5726017","0","0","0","0","0","5726017","17.5849671396106","17.5849671396106","N"
"FR","France","2014FR16M0OP008","Picardie - ERDF/ESF/YEI","ERDF","Transition","2016","0","0","219703414","6195636.24","0","0","4130424.16","0","0","0","0","10326060.4","5237925.9","0","0","0","5237925.9","15563986.3","7.08408941701743","7.08408941701743","N"
"TC","Interreg","2014TC16RFCB032","Interreg V-A - Sweden-Finland-Norway (Nord)","ERDF",,"2017","0","0","41951870","1258556.1","0","0","1940273.99","0","0","839037.4","0","2359792.69","6891368.43","0","0","0","6891368.43","9251161.12","22.0518444589002","22.0518444589002","N"
"DE","Germany","2014DE06RDRP020","Sachsen-Anhalt - Rural Development","EAFRD",,"2014","0","0","777610363","7776103.63","0","0","0","0","0","0","0","7776103.63","0","0","0","0","0","7776103.63","1","1","N"
"IT","Italy","2014IT06RDRP007","Lombardia - Rural Development","EAFRD",,"2019","0","0","492731000","14975310","0","0","0","0","0","0","0","14975310","169261424.11","0","0","0","169261424.11","184236734.11","37.3909362532498","37.3909362532498","N"
"TC","Interreg","2014TC16M4TN003","Interreg V-B - Balkan-Mediterranean","IPAE",,"2023","0","0","5126138","153784.14","0","0","986781.55","285965.31","0","378052.66","0","476547.72","4190039.28","116101.98","0","0","4359902.61","4836450.33","94.3488124978298","94.3488124978298","N"
"ES","Spain","2014ES05SFTA001","Technical Assistance - ES - ESF","ESF","Less developed","2022","0","0","2467757","107964.36","0","0","488924.33","113670.16","0","261497.2","0","221721.33","1754334.46","0","0","0","1868004.62","2089725.95","84.6811882207203","84.6811882207203","N"
"FR","France","2014FR05M0OP001","Île-de-France et Seine - ESF/ERDF/YEI","YEI",,"2017","0","0","7914740","172928.34","835820.31","0","266597.86","0","0","115285.56","0","1160060.95","3264055.28","0","0","0","3264055.28","4424116.23","55.8971770392963","55.8971770392963","N"
"PT","Portugal","2014PT16M3OP001","Competitiveness and Internationalisation  - PT - ERDF/ESF/CF","ESF","Less developed","2015","0","0","557886210","13110325.93","0","0","0","0","0","0","0","13110325.93","0","0","0","0","0","13110325.93","2.34999999910376","2.34999999910376","N"
"IT","Italy","2014IT16RFOP004","Abruzzo - ERDF","ERDF","Transition","2019","0","0","135754890","3264287.91","0","0","12210483.7","336978.52","0","8204729.27","0","6933063.82","27841717.69","0","0","0","28178696.21","35111760.03","25.8640849180461","25.8640849180461","N"
"UK","United Kingdom","2014UK05M9OP001","England  - ESF/YEI","YEI",,"2018","0","0","319576848","9587305.44","46338642.96","46338642.96","23568792.54","472722.56","0","14304290.2","0","18379085.22","20735849.64","0","0","0","21208572.2","39587657.42","12.3875235855634","12.3875235855634","N"
"SI","Slovenia","2014SI16MAOP001","EU Cohesion Policy - SI - ERDF/ESF/CF/YEI","ESF","More developed","2015","0","0","338918438","6371666.62","0","0","0","0","0","0","0","6371666.62","0","0","0","0","0","6371666.62","1.87999999575119","1.87999999575119","N"
"LV","Latvia","2014LV16MAOP001","Growth and Employment - LV - ERDF/ESF/CF/YEI","YEI",,"2014","0","0","58021278","580212.78","0","0","0","0","0","0","0","580212.78","0","0","0","0","0","580212.78","1","1","N"
"FI","Finland","2014FI06RDRP001","Mainland Finland - Rural Development","EAFRD",,"2016","0","0","2359699338","70790980.14","0","0","0","0","0","0","0","70790980.14","704872336.89","0","0","0","704872336.89","775663317.03","32.8712774775546","32.8712774775546","N"
"SE","Sweden","2014SE16RFOP008","Upper Norrland - ERDF","ERDF","More developed","2020","0","0","91138439","2614112.82","0","0","11444946.18","1935291.95","0","5816450.11","0","6307316.94","41674410.55","1009290.59","0","0","42600411.91","48907728.85","53.6631188625032","53.6631188625032","N"
"ES","Spain","2014ES06RDRP005","Canarias - Rural Development","EAFRD","EURI","2024","0","0","13622989","0","0","0","0","0","0","0","0","0","9359988.41","0","0","0","9359988.41","9359988.41","68.7073035880745","68.7073035880745","N"
"UK","United Kingdom","2014UK06RDRP003","Scotland - Rural Development","EAFRD","EURI","2024","0","0","0","0","0","0","0","0","0","0","0","0","0","0","0","0","0","0",,,"N"
"FR","France","2014FR06RDRP006","Mayotte - Rural Development","EAFRD","EURI","2019","0","0","0","0","0","0","0","0","0","0","0","0","0","0","0","0","0","0",,,"N"
"PT","Portugal","2014PT16M3OP001","Competitiveness and Internationalisation  - PT - ERDF/ESF/CF","ESF","Less developed","2017","0","0","557886210","18354456.3","0","0","24254102.96","0","0","10488260.74","0","32120298.52","1411724.83","0","0","0","1411724.83","33532023.35","6.01054888056832","6.01054888056832","N"
"GR","Greece","2014GR05M9OP001","Human Resources Development Education and Lifelong Learning - GR - ESF/YEI","YEI Specific Allocation",,"2017","0","0","171517029","6860681.17","48882353.27","0","7932662.59","0","0","3430340.58","0","60245356.45","66329290.95","832550.26","0","0","65496740.69","125742097.14","73.3117276302635","73.3117276302635","N"
"PT","Portugal","2014PT16M2OP005","Lisboa - ERDF/ESF","ESF","More developed","2017","0","0","194453146","6932257.31","0","0","9160482.92","0","0","3961289.92","0","12131450.31","7990182.5","0","0","0","7990182.5","20121632.81","10.3478052291322","10.3478052291322","N"
"FR","France","2014FR16M0OP008","Picardie - ERDF/ESF/YEI","ESF","Transition","2019","0","0","61112432","1838468.19","0","0","6065624.96","1079462.99","0","3334429.13","0","3490201.03","34100028.99","0","0","0","35179491.98","38669693.01","63.2763117821919","63.2763117821919","N"
"FR","France","2014FR16M0OP012","Nord-Pas de Calais - ERDF/ESF/YEI","ESF","Transition","2019","0","0","118722227","3662343.24","0","0","11928447.26","1287523.27","0","7483815.95","0","6819451.28","29006535.2","0","0","0","30294058.47","37113509.75","31.2607931032156","31.2607931032156","N"
"PL","Poland","2014PL16RFOP002","Digital Poland - ERDF","ERDF","Less developed","2014","0","0","2023437714","19020314.52","0","0","0","0","0","0","0","19020314.52","0","0","0","0","0","19020314.52","0.940000000415135","0.940000000415135","N"
"PT","Portugal","2014PT16M3OP001","Competitiveness and Internationalisation  - PT - ERDF/ESF/CF","ERDF","Less developed","2017","0","0","3247044199","106736661.68","0","0","141044874.36","0","0","60992378.1","0","186789157.94","738439081.99","0","0","0","738439081.99","925228239.93","28.4944763060184","28.4944763060184","N"
"TC","Interreg","2014TC16RFCB012","Interreg V-A - Poland-Slovakia","ERDF",,"2020","0","0","178597014","4649661.69","0","0","21922992.89","5822229.51","0","9106341.66","0","11644083.41","84697174.93","0","0","0","90519404.44","102163487.85","57.2033571905071","57.2033571905071","N"
"TC","Interreg","2014TC16RFCB030","Interreg V-A - Slovakia-Czech Republic","ERDF",,"2023","0","0","90139463","2704183.89","0","0","17351846.62","3241719.43","0","9846945.07","0","6967366.01","72183386.47","0","0","0","75425105.9","82392471.91","91.4055499864693","91.4055499864693","N"
"ES","Spain","2014ES16RFOP005","Asturias  - ERDF","ERDF","REACT-EU","2022","0","0","78214575","10241007.75","0","0","1564291.5","0","0","0","0","11805299.25","66409275.75","0","0","0","66409275.75","78214575","100","100","N"
"LT","Lithuania","2014LT16MAOP001","EU Structural Funds Investments - LT - ERDF/ESF/CF/YEI","YEI",,"2024","0","0","63565266","1906957.98","9216963.57","9216963.57","8422397.76","1300364.38","0","6235757.04","0","2793234.32","63872010.48","3327433.38","0","0","61812005.87","64605240.19","101.636073055999","101.636073055999","N"
"ES","Spain","2014ES16RFOP003","Andalucía  - ERDF","ERDF","Transition","2020","0","0","3225247649","95578781.2","0","0","385557651.77","13061263.14","0","207800818.79","0","260274351.04","907285972.24","0","0","0","920347235.38","1180621586.42","36.605610325336","36.605610325336","N"
"PT","Portugal","2014PT06RDRP002","Continental Portugal - Rural Development","EAFRD",,"2019","0","0","3583728823","125430508.81","0","0","0","0","0","0","0","125430508.81","2062927401.76","0","0","0","2062927401.76","2188357910.57","61.0637137644273","61.0637137644273","N"
"SI","Slovenia","2014SI16MAOP001","EU Cohesion Policy - SI - ERDF/ESF/CF/YEI","ESF","Less developed","2024","0","0","379473557","10400018.88","0","0","69751825.16","26269240.66","0","33202301.39","0","20680301.99","332947231.11","0","0","0","359216471.77","379896773.76","100.111527338913","100.111527338913","N"
"IT","Italy","2014IT05SFOP011","Valle d'Aosta  - ESF","ESF","More developed","2023","0","0","26311425","783572.94","0","0","4995220.49","1350272.93","0","2610867.81","0","1817652.69","20764899.32","0","0","0","22115172.25","23932824.94","90.959820458223","86.131822059632","N"
"PL","Poland","2014PL16RFOP003","Development of Eastern Poland - ERDF","ERDF","Less developed","2020","0","0","2000000000","56400000","0","0","249100000","61316925.55","0","116378337.08","0","127804737.37","1082105290.45","0","0","0","1143422216","1271226953.37","63.5613476685","63.5613476685","N"
"GR","Greece","2014GR16M2OP007","Continental Greece - ERDF/ESF","ESF","Transition","2022","0","0","31767244","778919.25","1363108.68","0","4742962.05","1198793.57","0","2279431.42","0","3406764.99","25558721.84","0","0","0","26757515.41","30164280.4","94.9540363022993","94.9540363022993","N"
"IT","Italy","2014IT06RDRP012","Umbria - Rural Development","EAFRD",,"2022","0","0","500800568.51","11340360","0","0","0","0","0","0","0","11340360","289378478.22","0","0","0","289378478.22","300718838.22","60.047623171577","60.047623171577","N"
"ES","Spain","2014ES05SFOP007","Cataluña  - ESF","ESF","More developed","2024","0","0","307444830","10026039.59","0","0","50253514.51","23807659.06","0","29931663.55","0","6540231.49","277096939.45","0","0","0","300904598.51","307444830","100","100","N"
"CZ","Czechia","2014CZ05M9OP001","Employment, Human Capital and Social Cohesion - CZ - ESF/YEI","ESF","More developed","2016","0","0","100000000","2820000","0","0","1880000","0","0","0","0","4700000","5563292.78","0","0","0","5563292.78","10263292.78","10.26329278","10.26329278","N"
"FR","France","2014FR16M0OP012","Nord-Pas de Calais - ERDF/ESF/YEI","ERDF","Transition","2014","0","0","673578758","6331640.33","0","0","0","0","0","0","0","6331640.33","0","0","0","0","0","6331640.33","0.940000000712612","0.940000000712612","N"
"GR","Greece","2014GR16M2OP013","South Aegean - ERDF/ESF","ESF","More developed","2017","0","0","24105315","822694.32","1439715.06","0","951240.31","70443.12","0","340904.04","0","2802302.53","3582194.89","0","0","0","3652638.01","6454940.54","26.7780800209414","26.7780800209414","N"
"LV","Latvia","2014LV06RDNP001","Latvia - National Rural Development","EAFRD","EURI","2021","0","0","84088404","0","0","0","0","0","0","0","0","0","0","0","0","0","0","0","0","0","N"
"FR","France","2014FR06RDRP031","Nord-Pas de Calais - Rural Development","EAFRD","EURI","2015","0","0","0","0","0","0","0","0","0","0","0","0","0","0","0","0","0","0",,,"N"
"IT","Italy","2014IT06RDRP015","Molise - Rural Development","EAFRD",,"2021","0","0","130178327.75","3030750","0","0","0","0","0","0","0","3030750","77618203.03","0","0","0","77618203.03","80648953.03","61.9526724793098","61.9526724793098","N"
"ES","Spain","2014ES05SFOP015","Castilla-La Mancha  - ESF","ESF","Transition","2023","0","0","208635932","6232724.05","0","0","37173315.29","2571917.49","0","25986485.87","0","14847635.98","179307402.68","8711000.03","0","0","173168320.14","188015956.12","90.116766713032","90.116766713032","N"
"PL","Poland","2014PL16M2OP004","Lubuskie Voivodeship - ERDF/ESF","ERDF","REACT-EU","2024","0","0","12595300","4756218.3","0","0","463293.48","33915.1","0","429378.38","0","4756218.3","7805166.6","0","0","0","7839081.7","12595300","100","100","N"
"HR","Croatia","2014HR16M1OP001","Competitiveness and Cohesion  - HR - ERDF/CF","CF",,"2022","0","0","2130755644","72179196.39","0","0","399984925.76","34730999.84","0","259209324.76","0","178223797.55","866791950.46","529271.71","0","0","900993678.59","1079217476.14","50.6495185958545","50.6495185958545","N"
"FR","France","2014FR16M2OP006","Limousin - ERDF/ESF","ESF","Transition","2020","0","0","19111035","538931.19","0","0","2380279.42","719952.84","0","893525.55","0","1305732.22","7651423.89","0","0","0","8371376.73","9677108.95","50.6362368652457","50.6362368652457","N"
"BE","Belgium","2014BE05M9OP001","Wallonie-Bruxelles 2020.eu - ESF/YEI","YEI Specific Allocation",,"2020","0","0","55375914","1096918.8","10603548.4","0","6400671.54","437408.89","0","2863404.92","0","14800324.93","23950231.91","491979.91","0","0","23895660.89","38695985.82","69.8787307059167","69.8787307059167","N"
"SK","Slovakia","2014SK05M0OP001","Human Resources - SK - ESF/ERDF/YEI","ESF","Less developed","2026","2851763.39","0","2133301794","49713266.07","0","0","348001770.82","126398534.48","0","191592295.66","0","79724206.75","2030259054.19","106879654.94","0","0","2049777933.73","2129502140.48","99.8218886080401","99.6886264619419","Y"
"SK","Slovakia","2014SK05M0OP001","Human Resources - SK - ESF/ERDF/YEI","ESF","Less developed","2022","0","0","2133301794","49713266.07","0","0","303784683.82","71541790.65","0","159891588.95","0","122064570.29","1788382846.85","106879654.94","0","0","1753044982.56","1875109552.85","87.8970597654689","87.8970597654689","N"
"FR","France","2014FR16M2TA001","Technical Assistance - FR - ERDF/ESF","ESF","More developed","2022","0","0","13957017","418710.51","0","0","2407585.44","496398.35","0","1402290.95","0","927606.65","9762485.84","12631.07","0","0","10246253.12","11173859.77","80.0590826105607","80.0590826105607","N"
"IT","Italy","2014IT06RDRP020","Puglia - Rural Development","EAFRD",,"2023","0","0","1235091836.55","29727540","0","0","0","0","0","0","0","29727540","831832684.99","0","0","0","831832684.99","861560224.99","69.7567743137716","69.7567743137716","N"
"ES","Spain","2014ES05SFOP008","Ceuta  - ESF","ESF","REACT-EU","2021","0","0","6983200","768152","0","0","0","0","0","0","0","768152","0","0","0","0","0","768152","11","11","N"
"FR","France","2014FR16M0OP011","Martinique - ERDF/ESF/YEI","YEI Specific Allocation",,"2021","0","0","3781101","75350.85","728391.55","0","517907.87","144072.06","0","245843.55","0","931734.66","1296648.49","0","0","0","1440720.55","2372455.21","62.7450895916295","62.7450895916295","N"
"SK","Slovakia","2014SK14MFOP001","Maritime and Fisheries - Slovakia","EMFF",,"2015","0","0","15785000","296758","0","0","0","0","0","0","0","296758","0","0","0","0","0","296758","1.88","1.88","N"
"FR","France","2014FR16M0OP002","Auvergne - ERDF/ESF/YEI","YEI Specific Allocation",,"2018","0","0","6069483","182084.49","1760150.07","0","447624.37","177604.17","0","103109.42","0","2109145.34","3363490.51","0","0","0","3541094.68","5650240.02","93.0926080524486","93.0926080524486","N"
"DE","Germany","2014DE06RDRP011","Mecklenburg-Vorpommern - Rural Development","EAFRD","EURI","2015","0","0","0","0","0","0","0","0","0","0","0","0","0","0","0","0","0","0",,,"N"
"ES","Spain","2014ES05SFOP012","Social inclusion and social economy - ES - ESF","ESF","Less developed","2017","0","0","76111584","2504071.08","0","0","3308951.07","0","0","1430897.76","0","4382124.39","0","0","0","0","0","4382124.39","5.75749992274501","5.75749992274501","N"
"DE","Germany","2014DE16M2OP001","Niedersachsen - ERDF/ESF","ESF","REACT-EU","2023","0","0","21251950","1089141.75","0","0","591678","1041.61","0","165597.39","0","1514180.75","3851749.11","0","0","0","3852790.72","5366971.47","25.2540189017949","25.2540189017949","N"
"FR","France","2014FR06RDNP001","France - National Rural Development","EAFRD","EURI","2019","0","0","0","0","0","0","0","0","0","0","0","0","0","0","0","0","0","0",,,"N"
"ES","Spain","2014ES05SFOP008","Ceuta  - ESF","ESF","More developed","2020","0","0","10543817","339590.06","0","0","1297847.06","284946.66","0","715564.76","0","636925.7","3896542.98","0","0","0","4181489.64","4818415.34","45.6989659437375","45.6989659437375","N"
"ES","Spain","2014ES06RDRP014","Navarra - Rural Development","EAFRD",,"2020","0","0","136514270","4777999.45","0","0","0","0","0","0","0","4777999.45","75855852.44","0","0","0","75855852.44","80633851.89","59.0662440563906","59.0662440563906","N"
"FR","France","2014FR16M0OP005","Haute-Normandie - ERDF/ESF/YEI","YEI",,"2014","0","0","15901762","159017.62","0","0","0","0","0","0","0","159017.62","0","0","0","0","0","159017.62","1","1","N"
"ES","Spain","2014ES05SFOP009","Galicia  - ESF","ESF","More developed","2022","0","0","322241844","10302403.79","0","0","52394116.19","13856347.12","0","29844592.04","0","18995580.82","245485358.06","0","0","0","259341705.18","278337286","86.3752771970856","86.3752771970856","N"
"PL","Poland","2014PL06RDNP001","Poland - National Rural Development","EAFRD",,"2021","0","0","11000104373","260926704.42","0","0","0","0","0","0","0","260926704.42","5772809101.43","0","0","0","5772809101.43","6033735805.85","54.8516232324117","54.8516232324117","N"
"FR","France","2014FR16M2OP011","Guyane - ERDF/ESF","ESF","Less developed","2014","0","0","54379499","511167.29","0","0","0","0","0","0","0","511167.29","0","0","0","0","0","511167.29","0.939999998896643","0.939999998896643","N"
"DE","Germany","2014DE16M2OP001","Niedersachsen - ERDF/ESF","ERDF","REACT-EU","2021","0","0","154026140","16942875.4","0","0","0","0","0","0","0","16942875.4","0","0","0","0","0","16942875.4","11","11","N"
"IT","Italy","2014IT05SFOP017","Bolzano  - ESF","ESF","More developed","2018","0","0","68310599","1926358.89","0","0","4735632.27","0","0","2969803.29","0","3692187.87","0","0","0","0","0","3692187.87","5.40499999128979","5.40499999128979","N"
"UK","United Kingdom","2014UK16RFOP001","England - ERDF","ERDF","Transition","2015","0","0","1069856731","20113306.56","0","0","0","0","0","0","0","20113306.56","0","0","0","0","0","20113306.56","1.88000000160769","1.88000000160769","N"
"FR","France","2014FR06RDRP041","Lorraine - Rural Development","EAFRD",,"2017","0","0","329091290","9872738.7","0","0","0","0","0","0","0","9872738.7","52410157.94","0","0","0","52410157.94","62282896.64","18.9257201671913","18.9257201671913","N"
"FR","France","2014FR05M0OP001","Île-de-France et Seine - ESF/ERDF/YEI","YEI",,"2022","0","0","8116780","172928.34","835820.31","0","1279976.6","77025.56","0","783604.04","0","1428095.65","4270005.18","3103570.18","0","0","1243460.56","2671556.21","32.9139906465372","32.9139906465372","N"
"NL","Netherlands","2014NL06RDNP001","Netherlands - National Rural Development","EAFRD",,"2023","0","0","1115752510","24758560.8","0","0","0","0","0","0","0","24758560.8","864149803.22","0","0","0","864149803.22","888908364.02","79.6689549029112","79.6689549029112","N"
"DK","Denmark","2014DK05SFOP001","Educational and Entrepreneurial Growth - DK - ESF","ESF","Transition","2015","0","0","42019686","789970.08","0","0","0","0","0","0","0","789970.08","0","0","0","0","0","789970.08","1.87999996001874","1.87999996001874","N"
"TC","Interreg","2014TC16RFCB015","Interreg V-A - Slovakia-Hungary","ERDF",,"2018","0","0","155808987","4674269.61","0","0","11490912.79","0","0","7206165.65","0","8959016.75","2681596.32","0","0","0","2681596.32","11640613.07","7.47107936078167","7.47107936078167","N"
"FR","France","2014FR05M9OP001","Youth Employment - FR - ESF/YEI","YEI Specific Allocation",,"2021","0","0","336149225","6479079.6","62631102.8","0","45287868.93","14909344.55","0","19550758.08","0","79937948.7","248521043.83","7219112.08","0","0","256211276.3","336149225","100","100","N"
"RO","Romania","2014RO16RFOP001","Competitiveness Programme - RO - ERDF","ERDF","Less developed","2023","0","0","1471263537","40579636.88","0","0","222695859.39","39446014.63","0","124657960.01","0","99171521.63","1223224037.74","0","0","0","1262670052.37","1361841574","92.5627217525476","92.5627217525476","N"
"FR","France","2014FR16M0OP002","Auvergne - ERDF/ESF/YEI","YEI",,"2016","0","0","12138966","364168.98","1760150.07","0","242779.32","0","0","0","0","2367098.37","698544.27","0","0","0","698544.27","3065642.64","25.2545615499706","25.2545615499706","N"
"IT","Italy","2014IT05SFOP002","Systems for Active Employment Policies - IT - ESF","ESF","More developed","2021","0","0","55168006","3694550.28","0","0","11271871.33","764887.79","0","8038908.32","0","6162625.5","17018152.69","1049247.54","0","0","16733792.94","22896418.44","41.5030741549731","41.5030741549731","N"
"PL","Poland","2014PL14MFOP001","Maritime and Fisheries - Poland","EMFF",,"2022","0","0","531219456","14980388.64","0","0","87412161.41","14779706.84","0","47651859.67","0","39960983.54","292429533.18","0","0","0","307209240.02","347170223.56","65.3534466102085","65.3534466102085","N"
"ES","Spain","2014ES05SFOP011","País Vasco - ESF","ESF","More developed","2017","0","0","54119021","1780515.77","0","0","2352824.41","0","0","1017437.58","0","3115902.6","0","0","0","0","0","3115902.6","5.75749993703693","5.75749993703693","N"
"SE","Sweden","2014SE16RFOP007","Central Norrland - ERDF","ERDF","Outermost or Northern Sparsely Populated","2015","0","0","87237475","1635702.68","0","0","0","0","0","0","0","1635702.68","0","0","0","0","0","1635702.68","1.87500002722454","1.87500002722454","N"
"BE","Belgium","2014BE06RDRP001","Flanders - Rural Development","EAFRD","EURI","2015","0","0","0","0","0","0","0","0","0","0","0","0","0","0","0","0","0","0",,,"N"
"BE","Belgium","2014BE05M9OP002","Brussels-Capital Region : Investment for growth and jobs - ESF/YEI","YEI Specific Allocation",,"2022","0","0","9012968","176133.3","1702621.9","117422.2","1388289.22","347326.46","0","712706.21","0","2089589.55","6577796.27","1744.28","0","0","6923378.45","9012968","100","100","N"
"BG","Bulgaria","2014BG05M2OP001","Science and Education for Smart Growth  - BG - ESF/ERDF","ESF","Less developed","2022","0","0","352102522","9944218.65","0","0","58004399.93","17416002.56","0","30887229.38","0","19645386.64","244093885.82","0","0","0","261509888.38","281155275.02","79.8504007932099","79.8504007932099","N"
"ES","Spain","2014ES05SFOP017","Melilla  - ESF","ESF","Transition","2022","0","0","8533371","246888.01","0","0","1332818.63","225638.35","0","818751.38","0","535316.91","7251512.4","1335008.66","0","0","6142142.09","6677459","78.2511272508836","78.2511272508836","N"
"UK","United Kingdom","2014UK05M9OP001","England  - ESF/YEI","YEI Specific Allocation",,"2016","0","0","159788424","4793652.72","46338642.96","46338642.96","3195768.48","0","0","0","0","7989421.2","0","0","0","0","0","7989421.2","5","5","N"
"IT","Italy","2014IT05SFOP020","Campania  - ESF","ESF","Less developed","2024","0","0","627882260","17706279.72","0","0","115875671.04","34858818.84","0","71653333.67","0","27069798.25","556555515.82","0","0","0","591414334.66","618484132.91","98.5032023217219","98.5032023217219","N"
"CZ","Czechia","2014CZ16M2OP001","Prague Growth Pole - ERDF/ESF","ESF","More developed","2018","0","0","47978445","1352992.14","0","0","3326105.69","73446","0","2012416.89","0","2593234.94","9998622.71","0","0","0","10072068.71","12665303.65","26.3979035794095","26.3979035794095","N"
"FR","France","2014FR16M0OP009","Guadeloupe - ERDF/ESF/YEI","ESF","Less developed","2024","0","0","77959474","2381594.91","0","0","15075133.24","1833166.03","0","11470114.23","0","4153447.89","40889903.34","2379274.93","0","0","40343794.44","44497242.33","57.0774019460419","57.0774019460419","N"
"GR","Greece","2014GR16M3TA001","Technical assistance - GR - ERDF/ESF/CF","ERDF","Transition","2021","0","0","24145687","988683.04","1730195.32","0","3688013.38","1506640.57","0","1208229.16","0","3692022.01","18098230.4","0","0","0","19604870.97","23296892.98","96.4846971635141","96.4846971635141","N"
"PL","Poland","2014PL16RFOP002","Digital Poland - ERDF","ERDF","REACT-EU","2023","0","0","304757405","98889469.65","0","0","6095148.1","19588283.2","0","0","0","85396334.55","199772787.25","0","0","0","219361070.45","304757405","100","100","N"
"TC","Interreg","2014TC16M5CB005",,"ENI",,"2023","0","0","15875028","0","0","0","0","0","0","0","0","0","0","0","0","0","0","0","0","0","N"
"PL","Poland","2014PL16M2OP014","Warmińsko-Mazurskie Voivodeship - ERDF/ESF","ESF","Less developed","2019","0","0","486154599","13709559.66","0","0","46840995.52","7891908.33","0","25810759.18","0","26847887.67","190036461.09","0","0","0","197928369.42","224776257.09","46.2355509034277","46.2355509034277","N"
"HU","Hungary","2014HU05M3OP001","Public Administration and Civil Service Development - HU - ESF/ERDF/CF","CF",,"2017","0","0","193449129","5803473.87","0","0","8947022.22","0","0","3868982.58","0","10881513.51","51867602.79","0","0","0","51867602.79","62749116.3","32.4370115411582","32.4370115411582","N"
"RO","Romania","2014RO06RDNP001","Romania - National Rural Development","EAFRD","EURI","2023","0","0","692093810","0","0","0","0","0","0","0","0","0","372011899.36","0","0","0","372011899.36","372011899.36","53.7516582267944","53.7516582267944","N"
"TC","Interreg","2014TC16I5CB007","IPA CBC Bulgaria - Serbia","IPAE",,"2020","0","0","14493457","2995613.5","0","0","0","0","0","0","0","2995613.5","7218684.32","0","0","0","7218684.32","10214297.82","70.47523458344","70.47523458344","N"
"CZ","Czechia","2014CZ05M9OP001","Employment, Human Capital and Social Cohesion - CZ - ESF/YEI","ESF","More developed","2019","0","0","100000000","2820000","0","0","9635000.01","773878.46","0","6158621.55","0","5522500","34607696.26","1807877.47","0","0","33573697.25","39096197.25","39.09619725","39.09619725","N"
"FR","France","2014FR16M0OP014","Bourgogne - ERDF/ESF/YEI","YEI Specific Allocation",,"2022","0","0","3057397","0","0","0","385996.37","59809.12","0","177139.15","0","149048.1","2237723.07","0","0","0","2297532.19","2446580.29","80.0216749738421","80.0216749738421","N"
"LV","Latvia","2014LV16MAOP001","Growth and Employment - LV - ERDF/ESF/CF/YEI","ERDF","Less developed","2024","0","0","2465883158","67715319.12","0","0","447028982.27","55418588.69","0","326789539.57","0","132536173.13","2279435776.87","1507380.69","0","0","2333346984.87","2465883158","100","100","N"
"UK","United Kingdom","2014UK06RDRP001","England - Rural Development","EAFRD",,"2021","0","0","3470717109","96420513.27","0","0","0","0","0","0","0","96420513.27","3024398407.57","0","0","0","3024398407.57","3120818920.84","89.9185621538364","89.9185621538364","N"
"LV","Latvia","2014LV16MAOP001","Growth and Employment - LV - ERDF/ESF/CF/YEI","CF",,"2024","0","0","1246634592","38053494.39","0","0","242867675.75","27603019.68","0","181109707.95","0","72208442.51","1148406014.8","1582884.99","0","0","1174426149.49","1246634592","100","100","N"
"TC","Interreg","2014TC16I5CB001","IPA CBC Hungary - Serbia","IPAE",,"2024","0","0","32562000","6730151","0","0","0","4406313.08","0","0","0","2323837.92","25831849","0","0","0","30238162.08","32562000","100","100","N"
"TC","Interreg","2014TC16RFCB022","Interreg V-A - Greece-Bulgaria","ERDF",,"2020","0","0","110723408","3307237.02","0","0","14661208.08","964108.63","0","8156207.86","0","8848128.61","34791996.72","0","0","0","35756105.35","44604233.96","40.2843759650173","40.2843759650173","N"
"FR","France","2014FR16M2OP005","Franche-Comté et Jura - ERDF/ESF","ESF","Transition","2023","0","0","33572613","946747.68","0","0","6195825.7","1477045.36","0","3407757.98","0","2257770.04","29862964.09","25166.49","0","0","31314842.96","33572613","100","100","N"
"TC","Interreg","2014TC16I5CB004","IPA CBC Croatia – Bosnia and Herzegovina - Montenegro","IPAE-contribution from ERDF",,"2022","0","0","28577658","5906638","0","0","0","0","0","0","0","5906638","17162836.02","0","0","0","17162836.02","23069474.02","80.7255584764854","80.7255584764854","N"
"FR","France","2014FR06RDRP003","Guyane - Rural Development","EAFRD",,"2021","0","0","139744742","3360000","0","0","0","0","0","0","0","3360000","53805348.57","0","0","0","53805348.57","57165348.57","40.9069763569351","40.9069763569351","N"
"CZ","Czechia","2014CZ06RDNP001","Czech Republic - National Rural Development","EAFRD",,"2024","0","0","2890233934","69170219.88","0","0","0","0","0","0","0","69170219.88","2732292194.78","0","0","0","2732292194.78","2801462414.66","96.9285697501606","96.9285697501606","N"
"TC","Interreg","2014TC16M5CB010",,"ENI",,"2024","0","0","73952000","0","0","0","0","0","0","0","0","0","0","0","0","0","0","0","0","0","N"
"FR","France","2014FR16M0OP014","Bourgogne - ERDF/ESF/YEI","YEI ESF Matching Component",,"2022","0","0","3057397","0","0","0","385996.37","59809.12","0","177139.15","0","149048.1","2237723.07","0","0","0","2297532.19","2446580.29","80.0216749738421","80.0216749738421","N"
"ES","Spain","2014ES16RFOP019","Murcia  - ERDF","ERDF","REACT-EU","2023","0","0","218311428","32746714.2","0","0","9389417.98","60000","0","4963189.42","0","37112942.76","62543734.57","0","0","0","62603734.57","99716677.33","45.676343306224","45.676343306224","N"
"CZ","Czechia","2014CZ05FMOP001","FEAD - Czech Republic","FEAD","REACT-EU","2022","0","0","3889688","0","0","0","0","0","0","0","0","0","0","0","0","0","0","0","0","0","N"
"GR","Greece","2014GR16M3TA001","Technical assistance - GR - ERDF/ESF/CF","ESF","Less developed","2016","0","0","43322962","1913674.29","3348930","0","956837.14","0","0","0","0","6219441.43","8365963.27","0","0","0","8365963.27","14585404.7","33.6666839631141","33.6666839631141","N"
"HR","Croatia","2014HR14MFOP001","Maritime and Fisheries - Croatia","EMFF",,"2021","0","0","252643138","7124536.5","0","0","36519565.65","527609.35","0","24111412.73","0","19005080.07","100219565.6","397804.37","0","0","100349370.58","119354450.65","47.2423084968174","47.2423084968174","N"
"AT","Austria","2014AT14MFOP001","Maritime and Fisheries - Austria","EMFF",,"2022","0","0","6965000","196413","0","0","1146090.77","465136.84","0","475413.18","0","401953.75","5727816.9","0","0","0","6192953.74","6594907.49","94.6863961234745","94.6863961234745","N"
"GR","Greece","2014GR05M2OP001","Reform of the Public Sector - GR - ESF/ERDF","ESF","Less developed","2022","0","0","150415891","4639287.76","8118753.58","0","23559752.59","4615242.81","0","12901356.7","0","18801194.42","106001829.55","3581674.13","0","0","107035398.23","125836592.65","83.6591079661922","83.6591079661922","N"
"ES","Spain","2014ES06RDRP017","Valenciana - Rural Development","EAFRD",,"2021","0","0","263006257","7140000","0","0","0","0","0","0","0","7140000","130728732.79","0","0","0","130728732.79","137868732.79","52.4203242776844","52.4203242776844","N"
"IT","Italy","2014IT05SFOP018","Trento  - ESF","ESF","More developed","2021","0","0","63218677","1550717.76","0","0","8113376.98","2329487.71","0","4168370.97","0","3166236.06","41752603","0","0","0","44082090.71","47248326.77","74.7379239998964","74.7379239998964","N"
"FR","France","2014FR16M2TA001","Technical Assistance - FR - ERDF/ESF","ESF","Less developed","2026","0","0","7977708","239331.24","0","0","1535708.8","931272.84","0","843767.2","0","0","7051785.72","5350.56","0","0","7977708","7977708","100","100","Y"
"TC","Interreg","2014TC16I5CB002","IPA CBC Romania - Serbia","IPAE",,"2018","0","0","37453124","7741084","0","0","0","0","0","0","0","7741084","3498270.44","0","0","0","3498270.44","11239354.44","30.0091240452999","30.0091240452999","N"
"GR","Greece","2014GR16M2OP013","South Aegean - ERDF/ESF","ESF","More developed","2024","0","0","24105315","822694.32","1439715.06","0","3867113.17","3231878.45","0","1741619.43","0","1156024.67","19717411.88","0","0","0","22949290.33","24105315","100","100","N"
"FR","France","2014FR16M2TA001","Technical Assistance - FR - ERDF/ESF","ESF","Transition","2026","0","0","9836314","295089.42","0","0","1893490.45","1200304.67","0","988275.2","0","0","8644911.17","8901.84","0","0","9836314","9836314","100","100","Y"
"TC","Interreg","2014TC16I5CB009","IPA CBC Greece – Republic of North Macedonia","IPAE",,"2024","0","0","19324776","3994185.5","0","0","0","144350.03","0","0","0","3849835.47","15330590.5","0","0","0","15474940.53","19324776","100","100","N"
"DE","Germany","2014DE06RDRP003","Baden-Württemberg - Rural Development","EAFRD","EURI","2018","0","0","0","0","0","0","0","0","0","0","0","0","0","0","0","0","0","0",,,"N"
"FR","France","2014FR06RDRP031","Nord-Pas de Calais - Rural Development","EAFRD","EURI","2016","0","0","0","0","0","0","0","0","0","0","0","0","0","0","0","0","0","0",,,"N"
"FR","France","2014FR05SFOP001","Employment and Social Inclusion - FR - ESF","ESF","REACT-EU","2022","0","0","800060179","92609608.05","0","0","12347947.74","0","0","0","0","104957555.79","0","0","0","0","0","104957555.79","13.1187076353665","13.1187076353665","N"
"FR","France","2014FR16M2TA001","Technical Assistance - FR - ERDF/ESF","ESF","More developed","2026","0","0","13957017","418710.51","0","0","2686725.78","1703145.34","0","1402290.95","0","0","12266502.73","12631.07","0","0","13957017","13957017","100","100","Y"
"DE","Germany","2014DE06RDRP020","Sachsen-Anhalt - Rural Development","EAFRD",,"2020","0","0","859308363","25779250.89","0","0","0","0","0","0","0","25779250.89","385264463.31","0","0","0","385264463.31","411043714.2","47.834250415645","47.834250415645","N"
"ES","Spain","2014ES16RFOP015","Galicia  - ERDF","ERDF","More developed","2015","0","0","883369308","20736678.75","0","0","0","0","0","0","0","20736678.75","0","0","0","0","0","20736678.75","2.34745293527902","2.34745293527902","N"
"PT","Portugal","2014PT16M2OP002","Centro - ERDF/ESF","ERDF","Less developed","2022","0","0","1814311682","57575672.98","0","0","288328515","107698091.53","0","115573340.56","0","122632755.89","1311716830.44","0","0","0","1419414921.97","1542047677.86","84.9935373926562","84.9935373926562","N"
"MT","Malta","2014MT05FMOP001","FEAD - Malta","FEAD",,"2022","0","0","3944660","433912.6","0","0","0","0","0","0","0","433912.6","3108080.49","0","0","0","3108080.49","3541993.09","89.7921009668767","89.7921009668767","N"
"PL","Poland","2014PL16RFOP002","Digital Poland - ERDF","ERDF","REACT-EU","2021","0","0","219754377","24172981.47","0","0","0","0","0","0","0","24172981.47","0","0","0","0","0","24172981.47","11","11","N"
"PL","Poland","2014PL16M2OP007","Mazowieckie Voivodeship - ERDF/ESF","ERDF","More developed","2023","0","0","1544686317","43560154.2","0","0","285071860.08","84288595.8","0","150638082.33","0","93705336.15","1346753305.34","3485065.05","0","0","1427556836.09","1521262172.24","98.483566242401","98.483566242401","N"
"SK","Slovakia","2014SK05M0OP001","Human Resources - SK - ESF/ERDF/YEI","ESF","Less developed","2019","0","0","1724645172","49713266.07","0","0","169158152.35","23943846.49","0","98088197.74","0","96839374.19","676569676.19","106879654.94","0","0","593633867.74","690473241.93","40.0356695475677","40.0356695475677","N"
"UK","United Kingdom","2014UK14MFOP001","Maritime and Fisheries - United Kingdom","EMFF",,"2020","0","0","243139437","6856532.13","0","0","30283016.91","8061691.53","0","14065165.19","0","15012692.32","127439995.12","0","0","0","135501686.65","150514378.97","61.9045519012204","61.9045519012204","N"
"HU","Hungary","2014HU05M3OP001","Public Administration and Civil Service Development - HU - ESF/ERDF/CF","ESF","Less developed","2022","0","0","601324776","16957358.67","0","0","98947991.84","17685824.4","0","63931678.7","0","34287847.41","569761380.16","34237414.15","0","0","553209790.41","587497637.82","97.7005540546695","97.7005540546695","N"
"IT","Italy","2014IT06RDRP010","Toscana - Rural Development","EAFRD","EURI","2017","0","0","0","0","0","0","0","0","0","0","0","0","0","0","0","0","0","0",,,"N"
"BE","Belgium","2014BE05SFOP002","Flanders - ESF","ESF","More developed","2019","0","0","398502847","11108063.85","0","0","38195769.84","4349736.56","0","23076493.82","0","21877603.31","114413639.86","0","0","0","118763376.42","140640979.73","35.2923400143237","35.2923400143237","N"
"NL","Netherlands","2014NL06RDNP001","Netherlands - National Rural Development","EAFRD",,"2024","0","0","1115752510","24758560.8","0","0","0","0","0","0","0","24758560.8","937290648.56","0","0","0","937290648.56","962049209.36","86.2242478271458","86.2242478271458","N"
"TC","Interreg","2014TC16I5CB009","IPA CBC Greece – Republic of North Macedonia","IPAE",,"2018","0","0","19324776","3994185.5","0","0","0","0","0","0","0","3994185.5","8412.24","0","0","0","8412.24","4002597.74","20.7122594331753","20.7122594331753","N"
"PT","Portugal","2014PT06RDRP002","Continental Portugal - Rural Development","EAFRD","EURI","2018","0","0","0","0","0","0","0","0","0","0","0","0","0","0","0","0","0","0",,,"N"
"ES","Spain","2014ES05SFOP018","Aragón  - ESF","ESF","More developed","2018","0","0","79930146","2594423.97","0","0","5466821.93","0","0","3428345.96","0","4632899.94","0","0","0","0","0","4632899.94","5.79618600971904","5.79618600971904","N"
"BE","Belgium","2014BE05M9OP002","Brussels-Capital Region : Investment for growth and jobs - ESF/YEI","YEI",,"2020","0","0","18025936","352266.6","1702621.9","117422.2","2055541","386196.75","0","620234.52","0","2986576.03","10523089.77","3488.56","0","0","10905797.96","13892373.99","77.0688079110011","77.0688079110011","N"
"IT","Italy","2014IT16M2OP002","Puglia  - ERDF/ESF","ESF","Less developed","2019","0","0","772409449","21781946.46","0","0","74421650.41","0","0","33580500.79","0","62623096.08","123664704.81","0","0","0","123664704.81","186287800.89","24.1177527192576","24.1177527192576","N"
"PL","Poland","2014PL16M2OP005","Łódzkie Voivodeship - ERDF/ESF","ERDF","REACT-EU","2022","0","0","31331664","11831415.75","0","0","525840.7","0","0","0","0","12357256.45","19515.74","0","0","0","19515.74","12376772.19","39.5024413321935","39.5024413321935","N"
"ES","Spain","2014ES06RDRP017","Valenciana - Rural Development","EAFRD",,"2022","0","0","263006257","7140000","0","0","0","0","0","0","0","7140000","164376710.66","0","0","0","164376710.66","171516710.66","65.2139278420285","65.2139278420285","N"
"PL","Poland","2014PL16M2OP006","Małopolskie Voivodeship - ERDF/ESF","ERDF","Less developed","2015","0","0","2068587710","38889448.98","0","0","0","0","0","0","0","38889448.98","0","0","0","0","0","38889448.98","1.88000000154695","1.88000000154695","N"
"IT","Italy","2014IT06RDRP007","Lombardia - Rural Development","EAFRD","EURI","2021","0","0","52449816.91","0","0","0","0","0","0","0","0","0","0","0","0","0","0","0","0","0","N"
"DE","Germany","2014DE05SFOP012","Sachsen - ESF","ESF","Transition","2018","0","0","562658442","15866968.08","0","0","39006296.53","767635.68","0","23693940.11","0","30411688.82","84247756.94","0","0","0","85015392.62","115427081.44","20.514591593029","20.514591593029","N"
"TC","Interreg","2014TC16M5CB013",,"ENI",,"2022","0","0","33354820","0","0","0","0","0","0","0","0","0","0","0","0","0","0","0","0","0","N"
"FR","France","2014FR05M0OP001","Île-de-France et Seine - ESF/ERDF/YEI","YEI ESF Matching Component",,"2016","0","0","2882139","86464.17","0","0","57642.78","0","0","0","0","144106.95","0","0","0","0","0","144106.95","5","5","N"
"GR","Greece","2014GR16M2OP007","Continental Greece - ERDF/ESF","ERDF","Transition","2024","0","0","64846954","2788880.21","4880540.36","0","13276574.01","3360453.66","0","9450058.68","0","8135482.24","54966073.8","1615055.7","0","0","56711471.76","64846954","100","100","N"
"FR","France","2014FR16M2OP012","Mayotte - ERDF/ESF","ESF","Less developed","2019","0","0","62641320","1847863.98","0","0","6160950.11","258434.54","0","4209633.89","0","3540745.66","15248469.85","0","0","0","15506904.39","19047650.05","30.4074851072742","30.4074851072742","N"
"FR","France","2014FR06RDRP083","Auvergne - Rural Development","EAFRD","EURI","2023","0","0","48663776","0","0","0","0","0","0","0","0","0","17449846.78","0","0","0","17449846.78","17449846.78","35.8579794136813","35.8579794136813","N"
"PT","Portugal","2014PT16M2OP001","Norte - ERDF/ESF","ESF","Less developed","2015","0","0","582966183","13699705.3","0","0","0","0","0","0","0","13699705.3","0","0","0","0","0","13699705.3","2.34999999991423","2.34999999991423","N"
"IE","Ireland","2014IE14MFOP001","Maritime and Fisheries - Ireland","EMFF",,"2017","0","0","147601979","4856105.1","0","0","6416996.03","0","0","2774917.2","0","8498183.93","16724649.82","0","0","0","16724649.82","25222833.75","17.0884116330175","17.0884116330175","N"
"ES","Spain","2014ES16RFOP004","Aragón  - ERDF","ERDF","More developed","2022","0","0","131852171","3909185.91","0","0","19935140.04","3689795.72","0","12814781.28","0","7339748.95","128717051.75","12964574.29","0","0","119442273.18","126782022.13","96.1546716815152","96.1546716815152","N"
"PT","Portugal","2014PT16M2OP002","Centro - ERDF/ESF","ERDF","Less developed","2021","0","0","1814311682","57575672.98","0","0","252042281.36","71411857.89","0","115573340.56","0","122632755.89","1149179288.04","0","0","0","1220591145.93","1343223901.82","74.0349034372805","74.0349034372805","N"
"TC","Interreg","2014TC16RFTN008","Interreg V-B - Caribbean Area","ERDF",,"2016","0","0","64292905","1928787.15","0","0","1285858.1","0","0","0","0","3214645.25","0","0","0","0","0","3214645.25","5","5","N"
"UK","United Kingdom","2014UK16RFOP002","Gibraltar - ERDF","ERDF","More developed","2019","0","0","5683314","160269.45","0","0","547587.29","149677.49","0","244318.24","0","313861.01","4358868.5","0","0","0","4508545.99","4822407","84.852024716565","84.852024716565","N"
"TC","Interreg","2014TC16I5CB001","IPA CBC Hungary - Serbia","IPAE",,"2022","0","0","32562000","6730151","0","0","0","841575.31","0","0","0","5888575.69","25831849","0","0","0","26673424.31","32562000","100","100","N"
"FR","France","2014FR16M0OP007","Midi-Pyrénées et Garonne - ERDF/ESF/YEI","ESF","More developed","2019","0","0","69556098","1991869.2","0","0","6748576.92","464766.42","0","4404057.01","0","3871622.69","12988064.11","0","0","0","13452830.53","17324453.22","24.9071666153556","24.9071666153556","N"
"FR","France","2014FR16M0OP003","Centre - ERDF/ESF/YEI","ESF","More developed","2016","0","0","52083217","1468746.72","0","0","979164.48","0","0","0","0","2447911.2","0","0","0","0","0","2447911.2","4.70000000192001","4.70000000192001","N"
"FR","France","2014FR05M2OP001","Guadeloupe et St Martin - ESF/ERDF","ERDF","Outermost or Northern Sparsely Populated","2024","0","0","7412549","204228.18","0","0","1346760.74","0","0","1151042.07","0","399946.85","7235765.45","500326.59","0","0","6735438.86","7135385.71","96.2608909566736","96.2608909566736","N"
"IT","Italy","2014IT16RFOP015","Sardegna - ERDF","ERDF","Transition","2024","0","0","465489541","13126805.07","0","0","85906094.87","37696003.64","0","41422445.03","0","19914451.27","407879086.09","0","0","0","445575089.73","465489541","100","100","N"
"FR","France","2014FR05FMOP001","FEAD - France","FEAD",,"2023","0","0","499281315","54920944.65","0","0","0","0","0","0","0","54920944.65","444360370.35","3501289.37","0","0","440859080.98","495780025.63","99.2987341475016","99.2987341475016","N"
"BE","Belgium","2014BE05M9OP002","Brussels-Capital Region : Investment for growth and jobs - ESF/YEI","YEI",,"2021","0","0","18025936","352266.6","1702621.9","117422.2","2416059.72","386196.75","0","1153749.06","0","2813580.21","12753038.4","3488.56","0","0","13135746.59","15949326.8","88.479881433064","88.479881433064","N"
"SI","Slovenia","2014SI16MAOP001","EU Cohesion Policy - SI - ERDF/ESF/CF/YEI","YEI Specific Allocation",,"2019","0","0","9211536","276346.08","2671345.44","2671345.44","944182.44","453882.86","0","225467.92","0","541177.74","7818268.9","0","0","0","8272151.76","8813329.5","95.6770890327086","95.6770890327086","N"
"LV","Latvia","2014LV16MAOP001","Growth and Employment - LV - ERDF/ESF/CF/YEI","ESF","Less developed","2020","0","0","647694186","17189163.03","0","0","78193403.92","5915222.83","0","35068409.48","0","54398934.64","255358248.09","0","0","0","261273470.92","315672405.56","48.7378785209599","48.7378785209599","N"
"LT","Lithuania","2014LT14MFOP001","Maritime and Fisheries - Lithuania","EMFF",,"2015","0","0","63432222","1192525.78","0","0","0","0","0","0","0","1192525.78","0","0","0","0","0","1192525.78","1.88000001008951","1.88000001008951","N"
"IT","Italy","2014IT05M2OP002","Governance and Institutional Capacity - IT - ESF/ERDF","ERDF","Transition","2015","0","0","10641458","200059.42","0","0","0","0","0","0","0","200059.42","0","0","0","0","0","200059.42","1.8800000902132","1.8800000902132","N"
"TC","Interreg","2014TC16RFCB026","Interreg V-A - Sweden-Denmark-Norway (Öresund-Kattegat-Skagerrak)","ERDF",,"2018","0","0","135688261","4070647.83","0","0","10007009.26","555873.59","0","5719708.49","0","7802075.01","32455588.53","0","0","0","33011462.12","40813537.13","30.0789005837432","30.0789005837432","N"
"TC","Interreg","2014TC16RFCB050","Interreg V-A - Estonia-Latvia","ERDF",,"2019","0","0","38933803","1140620.52","0","0","3923372.29","94312.19","0","2709713.26","0","2259967.36","13438121.09","0","0","0","13532433.28","15792400.64","40.5621835606452","40.5621835606452","N"
"HR","Croatia","2014HR14MFOP001","Maritime and Fisheries - Croatia","EMFF",,"2023","0","0","252643138","7124536.5","0","0","46625291.17","1705118.09","0","33039629.51","0","19005080.07","171284212.76","397804.37","0","0","172591526.48","191596606.55","75.8368535424065","75.8368535424065","N"
"DK","Denmark","2014DK05SFOP001","Educational and Entrepreneurial Growth - DK - ESF","ESF","More developed","2017","0","0","167738503","4641611.61","0","0","7155817.9","47207.01","0","3047200.73","0","8703021.77","12600870.47","0","0","0","12648077.48","21351099.25","12.728800405474","12.728800405474","N"
"PT","Portugal","2014PT16M2OP007","Algarve - ERDF/ESF","ESF","Transition","2024","0","0","87057240","3104287.39","0","0","16975379.62","6184037.16","0","8996747.75","0","4898882.1","75974320.74","0","0","0","82158357.9","87057240","100","100","N"
"IT","Italy","2014IT05SFOP003","Emilia-Romagna - ESF","ESF","More developed","2017","0","0","393125091","11086127.58","0","0","17091113.36","0","0","7390751.72","0","20786489.22","36332897.04","0","0","0","36332897.04","57119386.26","14.5295702481631","14.5295702481631","N"
"IT","Italy","2014IT16RFOP004","Abruzzo - ERDF","ERDF","Transition","2023","0","0","137754890","3264287.91","0","0","24304065.01","6192887.94","0","13513741.95","0","7861723.03","118890123.68","0","0","0","125083011.62","132944734.65","96.5081781488846","96.5081781488846","N"
"DE","Germany","2020DE16M2RE017",,"ERDF","REACT-EU","2023","0","0","67891705","7529666.1","0","0","2361789.58","0","0","1003955.48","0","8887500.2","0","0","0","0","0","8887500.2","13.0907011394102","13.0907011394102","N"
"LV","Latvia","2014LV16MAOP001","Growth and Employment - LV - ERDF/ESF/CF/YEI","CF",,"2023","0","0","1246634592","38053494.39","0","0","242867675.75","26728833.24","0","157051202.55","0","97141134.35","932556402.72","1582884.99","0","0","957702350.97","1054843485.32","84.6152908068831","84.6152908068831","N"
"TC","Interreg","2014TC16M5CB013",,"ENI",,"2024","0","0","33354820","0","0","0","0","0","0","0","0","0","0","0","0","0","0","0","0","0","N"
"BE","Belgium","2014BE16RFOP001","Brussels Capital Region - ERDF","ERDF","More developed","2017","0","0","95777508","2669747.76","0","0","4115861.14","0","0","1779831.84","0","5005777.06","6255619.05","0","0","0","6255619.05","11261396.11","11.7578712843521","11.7578712843521","N"
"FR","France","2014FR16M2OP012","Mayotte - ERDF/ESF","ERDF","Less developed","2022","0","0","146032651","4118120.76","0","0","24029672.75","1539080.84","0","17162487.33","0","9446225.34","49250292.26","15632450.46","0","0","35156922.64","44603147.98","30.5432707511418","30.5432707511418","N"
"DE","Germany","2014DE16RFOP010","Rheinland-Pfalz - ERDF","ERDF","More developed","2024","0","0","186025744","5245925.94","0","0","34331050.88","12029292.92","0","19132577.07","0","8415106.83","165581344.25","0","0","0","177610637.17","186025744","100","100","N"
"FR","France","2014FR16M2OP008","Pays de la Loire - ERDF/ESF","ERDF","REACT-EU","2024","0","0","67369800","7487933.7","0","0","3693183.16","36519.51","0","3656663.65","0","7487933.7","59845346.79","0","0","0","59881866.3","67369800","100","100","N"
"ES","Spain","2014ES05SFOP002","Employment training and education - ES - ESF","ESF","Less developed","2019","0","0","175441694","5476900","0","0","16333711.09","0","0","11540610.71","0","10270000.38","22899940.33","0","0","0","22899940.33","33169940.71","18.9065323947453","18.9065323947453","N"
"UK","United Kingdom","2014UK05M9OP002","Scotland - ESF/YEI","YEI",,"2014","0","0","92619400","926194","0","0","0","0","0","0","0","926194","0","0","0","0","0","926194","1","1","N"
"ES","Spain","2014ES05SFOP005","Baleares  - ESF","ESF","More developed","2020","0","0","47326640","1345325.14","0","0","5448405.98","366119.24","0","2834792.26","0","3592819.62","22591075.31","0","0","0","22957194.55","26550014.17","56.0995121774967","56.0995121774967","N"
"IT","Italy","2014IT16RFOP003","Enterprises and Competitiveness - IT - ERDF","ERDF","Transition","2023","0","0","114187419","2132300","0","0","15324529.39","5841676.84","0","9431159.36","0","2183993.19","106161748.97","0","0","0","112003425.81","114187419","100","100","N"
"FR","France","2014FR06RDRP002","Martinique - Rural Development","EAFRD",,"2015","0","0","130200000","2604000","0","0","0","0","0","0","0","2604000","0","0","0","0","0","2604000","2","2","N"
"HU","Hungary","2014HU16M2OP001","Territorial and settlement Development  - HU - ERDF/ESF","ESF","Less developed","2018","0","0","383445126","11615714.07","0","0","28555297.08","0","0","17907559.18","0","22263451.97","37015055.58","1874569.82","0","0","35140485.76","57403937.73","14.9705743632271","14.9705743632271","N"
"TC","Interreg","2014TC16RFCB042","Interreg V-A - Italy-Croatia","ERDF",,"2019","0","0","201357220","6040716.6","0","0","20639115.06","0","0","14850094.98","0","11829736.68","17499936.75","0","0","0","17499936.75","29329673.43","14.5659904472261","14.5659904472261","N"
"AT","Austria","2014AT05FMOP001","FEAD - Austria","FEAD",,"2023","0","0","18032733","1983600.63","0","0","0","1983600.63","0","0","0","0","16049132.37","0","0","0","18032733","18032733","100","100","N"
"IT","Italy","2014IT16RFOP021","Veneto - ERDF","ERDF","More developed","2020","0","0","300155358","8464381.11","0","0","37384349.92","6288176.77","0","20005904.78","0","19554649.48","72314593.29","0","0","0","78602770.06","98157419.54","32.7022046829496","32.7022046829496","N"
"BE","Belgium","2014BE14MFOP001","Maritime and Fisheries - Belgium","EMFF",,"2020","0","0","41746051","1177238.64","0","0","5199470.67","917222.61","0","2376612.17","0","3082874.53","18155042.36","1922296.85","0","0","17149968.12","20232842.65","48.4664828536716","48.4664828536716","N"
"FR","France","2014FR06RDRP024","Centre - Rural Development","EAFRD",,"2018","0","0","345908130","10377243.9","0","0","0","0","0","0","0","10377243.9","101998113","0","0","0","101998113","112375356.9","32.4870528194871","32.4870528194871","N"
"ES","Spain","2014ES06RDRP010","Extremadura - Rural Development","EAFRD","EURI","2018","0","0","0","0","0","0","0","0","0","0","0","0","0","0","0","0","0","0",,,"N"
"FR","France","2014FR05M2OP001","Guadeloupe et St Martin - ESF/ERDF","ERDF","Outermost or Northern Sparsely Populated","2020","0","0","7412549","204228.18","0","0","902007.8","0","0","502060.95","0","604175.03","0","0","0","0","0","604175.03","8.15070537813646","8.15070537813646","N"
"IT","Italy","2014IT05M2OP001","Education - IT - ESF/ERDF","ERDF","REACT-EU","2022","0","0","1291676210","154901431.5","0","0","25833524.2","0","0","0","0","180734955.7","93499272.26","0","0","0","93499272.26","274234227.96","21.2308801413939","21.2308801413939","N"
"FR","France","2014FR06RDRP053","Bretagne - Rural Development","EAFRD",,"2020","0","0","370697711","11120931.33","0","0","0","0","0","0","0","11120931.33","226136773.92","0","0","0","226136773.92","237257705.25","64.0030132934919","64.0030132934919","N"
"DE","Germany","2014DE16RFOP009","Nordrhein-Westfalen - ERDF","ERDF","More developed","2015","0","0","1211731011","22780543","0","0","0","0","0","0","0","22780543","0","0","0","0","0","22780543","1.87999999943882","1.87999999943882","N"
"IT","Italy","2014IT06RDRP012","Umbria - Rural Development","EAFRD","EURI","2017","0","0","0","0","0","0","0","0","0","0","0","0","0","0","0","0","0","0",,,"N"
"TC","Interreg","2014TC16RFCB016","Interreg V-A - Sweden-Norway","ERDF",,"2018","0","0","47199965","1415998.95","0","0","3480997.44","344994.46","0","1838003.94","0","2713997.99","11640402.71","0","0","0","11985397.17","14699395.16","31.1428094491172","31.1428094491172","N"
"DE","Germany","2014DE05SFOP004","Bayern - ESF","ESF","REACT-EU","2023","0","0","48558065","5546557.05","0","0","2681863.54","0","0","1710702.24","0","6517718.35","6235417.99","0","0","0","6235417.99","12753136.34","26.2636831595328","26.2636831595328","N"
"UK","United Kingdom","2014UK16RFOP003","Northern Ireland - ERDF","ERDF","Transition","2015","0","0","308029636","5790957.16","0","0","0","0","0","0","0","5790957.16","0","0","0","0","0","5790957.16","1.88000000103886","1.88000000103886","N"
"ES","Spain","2014ES05SFOP017","Melilla  - ESF","ESF","Transition","2017","0","0","7504194","246888.01","0","0","326244.87","0","0","141078.86","0","432054.02","0","0","0","0","0","432054.02","5.75750067229072","5.75750067229072","N"
"ES","Spain","2014ES06RDRP012","Madrid - Rural Development","EAFRD",,"2016","0","0","76529160","2678520.6","0","0","0","0","0","0","0","2678520.6","0","0","0","0","0","2678520.6","3.5","3.5","N"
"GR","Greece","2014GR16M2OP007","Continental Greece - ERDF/ESF","ESF","Transition","2023","0","0","31767244","778919.25","1363108.68","0","5378306.93","1834138.45","0","2279431.42","0","3406764.99","26526340.56","0","0","0","28360479.01","31767244","100","100","N"
"DE","Germany","2014DE16RFOP014","Schleswig-Holstein - ERDF","ERDF","More developed","2023","0","0","271244600","7649097.72","0","0","50058190.95","12338217.01","0","26526405.82","0","18842665.84","217608660.12","0","0","0","229946877.13","248789542.97","91.7214731537513","91.7214731537513","N"
"TC","Interreg","2014TC16RFCB007","Interreg V-A - Spain-Portugal (Madeira-Açores-Canarias (MAC))","ERDF",,"2018","0","0","126506503","3319884.96","0","0","8643457.76","0","0","5164528.93","0","6798813.79","3808731.45","0","0","0","3808731.45","10607545.24","8.38498020927825","8.38498020927825","N"
"PL","Poland","2014PL16M2OP016","Zachodniomorskie Voivodeship - ERDF/ESF","ESF","Less developed","2020","0","0","450420863","12701868.33","0","0","56099918.46","11891063.1","0","25566013.81","0","31344709.88","190097041.29","0","0","0","201988104.39","233332814.27","51.8032874223235","51.8032874223235","N"
"TC","Interreg","2014TC16M4TN003","Interreg V-B - Balkan-Mediterranean","ERDF",,"2015","0","0","28330108","566602.16","0","0","0","0","0","0","0","566602.16","0","0","0","0","0","566602.16","2","2","N"
"BE","Belgium","2014BE05M9OP001","Wallonie-Bruxelles 2020.eu - ESF/YEI","ESF","Transition","2019","0","0","329622862","9685318.95","0","0","32354985.28","3833293.09","0","19616361.93","0","18590649.21","127259600.51","6137900.75","0","0","124954992.85","143545642.06","43.5484484264929","43.5484484264929","N"
"UK","United Kingdom","2014UK16RFOP001","England - ERDF","ERDF","More developed","2017","0","0","2102702807","59296219.11","0","0","91415004.48","0","0","39530812.74","0","111180410.85","86802163.61","0","0","0","86802163.61","197982574.46","9.41562325407596","9.41562325407596","N"
"DE","Germany","2014DE06RDRP018","Saarland - Rural Development","EAFRD",,"2026","0","0","45173046","1008278.28","0","0","0","0","0","0","0","1008278.28","42502287.52","0","0","0","42502287.52","43510565.8","96.319751827229","96.319751827229","Y"
"TC","Interreg","2014TC16M6TN001","Interreg V-B - Danube","IPAE",,"2026","451197.92","0","19829192","594875.76","0","0","3817119.46","1700734.22","0","0","0","2711261","16948949.69","1982950.83","0","0","16666733.08","19377994.08","97.7245773806618","95.5504019224498","Y"
"DE","Germany","2014DE16RFOP015","Thüringen - ERDF","ERDF","Transition","2020","0","0","1165077915","32855197.2","0","0","145110454.31","17285127.94","0","63483898.52","0","97196625.05","456868416.09","0","0","0","474153544.03","571350169.08","49.0396532046528","49.0396532046528","N"
"DE","Germany","2014DE06RDRP011","Mecklenburg-Vorpommern - Rural Development","EAFRD",,"2020","0","0","936781072","28103432.16","0","0","0","0","0","0","0","28103432.16","470234077.92","0","0","0","470234077.92","498337510.08","53.1967953852936","53.1967953852936","N"
"TC","Interreg","2014TC16M6TN001","Interreg V-B - Danube","ERDF",,"2025","4777329.61","0","202095405","6062862.15","0","0","38903365.47","16945500.6","0","19584880.55","0","8435846.47","171936728.32","0","0","0","188882228.92","197318075.39","97.6361018153777","95.381383033384","N"
"TC","Interreg","2014TC16RFCB023","Interreg V-A - Germany-The Netherlands","ERDF",,"2015","0","0","222159360","4443187.2","0","0","0","0","0","0","0","4443187.2","0","0","0","0","0","4443187.2","2","2","N"
"CZ","Czechia","2014CZ05M9OP001","Employment, Human Capital and Social Cohesion - CZ - ESF/YEI","ESF","Less developed","2024","0","0","2240390454","56922758.19","0","0","386648274.96","184558492.95","0","169041381.19","0","89971159.01","1965707557.64","0","0","0","2150266050.59","2240237209.6","99.9931599244352","99.9931599244352","N"
"TC","Interreg","2014TC16M5TN001","Interreg V-B - Baltic Sea","ERDF",,"2016","0","0","263830658","7914919.74","0","0","5276613.16","0","0","0","0","13191532.9","479853.22","0","0","0","479853.22","13671386.12","5.1818792492266","5.1818792492266","N"
"SE","Sweden","2014SE05M9OP001","Investments in growth and employInvestments in growth and employment - SE - ESF/YEIment - ESF/YEI","ESF","More developed","2015","0","0","721843292","13570653.64","0","0","0","0","0","0","0","13570653.64","0","0","0","0","0","13570653.64","1.87999996542186","1.87999996542186","N"
"SE","Sweden","2014SE05FSOP001","FEAD - Sweden","FEAD",,"2016","0","0","7889321","867825.31","0","0","0","0","0","0","0","867825.31","113247.98","0","0","0","113247.98","981073.29","12.4354591478785","12.4354591478785","N"
"PL","Poland","2014PL16M2OP014","Warmińsko-Mazurskie Voivodeship - ERDF/ESF","ESF","Less developed","2021","0","0","486154599","13709559.66","0","0","70273647.16","21561204.85","0","33904816.7","0","28517185.27","327252989.08","0","0","0","348814193.93","377331379.2","77.6155116039538","77.6155116039538","N"
"ES","Spain","2014ES06RDNP001","Spain - National Rural Development","EAFRD",,"2017","0","0","237828821","8324008.74","0","0","0","0","0","0","0","8324008.74","13106676.33","0","0","0","13106676.33","21430685.07","9.01097057114033","9.01097057114033","N"
"ES","Spain","2014ES06RDRP002","Aragón  - Rural Development","EAFRD",,"2019","0","0","466986760","16344536.6","0","0","0","0","0","0","0","16344536.6","228477407.95","0","0","0","228477407.95","244821944.55","52.4258855968422","52.4258855968422","N"
"TC","Interreg","2014TC16RFTN006","Interreg V-B - North West Europe","ERDF",,"2021","0","0","396134342","11884030.26","0","0","60410487.16","9522124.78","0","34930273.96","0","27842118.68","188252738.4","0","0","0","197774863.18","225616981.86","56.954663592383","56.954663592383","N"
"FR","France","2014FR16M2OP003","Bretagne - ERDF/ESF","ERDF","More developed","2018","0","0","307307301","8666065.89","0","0","21304078.65","781887.9","0","12578297.02","0","16609959.62","59511228.05","7117247.91","0","0","53175868.04","69785827.66","22.7088088805284","22.7088088805284","N"
"ES","Spain","2014ES05SFOP006","Castilla y León  - ESF","ESF","More developed","2019","0","0","105898560","3247433.74","0","0","9704715.41","0","0","6842806.81","0","6109342.34","7258711.64","0","0","0","7258711.64","13368053.98","12.623452084712","12.623452084712","N"
"FR","France","2014FR05M0OP001","Île-de-France et Seine - ESF/ERDF/YEI","ERDF","REACT-EU","2021","0","0","80850763","8893583.93","0","0","0","0","0","0","0","8893583.93","5056884","0","0","0","5056884","13950467.93","17.2545903246454","17.2545903246454","N"
"AT","Austria","2014AT05SFOP001","Employment - AT - ESF","ESF","More developed","2015","0","0","416781119","7835485.04","0","0","0","0","0","0","0","7835485.04","0","0","0","0","0","7835485.04","1.88000000067182","1.88000000067182","N"
"FI","Finland","2014FI05M2OP001","Entrepreneurship and skills Åland - ESF/ERDF","ESF","More developed","2024","0","0","2701962","75377.52","0","0","497386.29","193498.46","0","285334.24","0","93931.11","2413331.78","29946.48","0","0","2576883.76","2670814.87","98.8472402646669","98.8472402646669","N"
"IT","Italy","2014IT06RDRP004","Friuli-Venezia Giulia - Rural Development","EAFRD",,"2022","0","0","165834194.3","3830760","0","0","0","0","0","0","0","3830760","105262308.71","0","0","0","105262308.71","109093068.71","65.784423514397","65.784423514397","N"
"DE","Germany","2014DE05SFOP011","Saarland - ESF","ESF","REACT-EU","2022","0","0","12081255","1812188.25","0","0","241625.1","0","0","0","0","2053813.35","33854.93","0","0","0","33854.93","2087668.28","17.2802269300665","17.2802269300665","N"
"PL","Poland","2014PL06RDNP001","Poland - National Rural Development","EAFRD",,"2014","0","0","8598280814","85982808.14","0","0","0","0","0","0","0","85982808.14","0","0","0","0","0","85982808.14","1","1","N"
"TC","Interreg","2014TC16M6TN001","Interreg V-B - Danube","ERDF",,"2026","4777329.61","0","202095405","6062862.15","0","0","38903365.47","16945500.6","0","19584880.55","0","8435846.47","171936728.32","0","0","0","188882228.92","197318075.39","97.6361018153777","95.381383033384","Y"
"ES","Spain","2014ES16RFOP003","Andalucía  - ERDF","ERDF","REACT-EU","2023","0","0","1314832929","197224939.35","0","0","56422348.64","1388000.92","0","28737689.14","0","223521597.93","161623721.58","0","0","0","163011722.5","386533320.43","29.3979038632672","29.3979038632672","N"
"PL","Poland","2014PL16M2OP001","Dolnośląskie Voivodeship - ERDF/ESF","ESF","Less developed","2017","0","0","633630483","17868379.68","0","0","27547085.34","1016875.55","0","10895377.57","0","33503211.9","65768472.44","0","0","0","66785347.99","100288559.89","15.8276097158665","15.8276097158665","N"
"TC","Interreg","2014TC16M6TN001","Interreg V-B - Danube","ENI",,"2026","2428655.97","0","10000000","0","0","0","3444760.85","0","0","0","0","3444760.85","4126583.18","0","0","0","4126583.18","7571344.03","75.7134403","60.9184456330237","Y"
"SE","Sweden","2014SE05M9OP001","Investments in growth and employInvestments in growth and employment - SE - ESF/YEIment - ESF/YEI","YEI",,"2019","0","0","88326192","2649785.76","12807297.84","0","6514056.66","2056515.18","0","4283687.48","0","15630937.6","64172296.43","0","0","0","66228811.61","81859749.21","92.6789068524544","92.6789068524544","N"
"BE","Belgium","2014BE05M9OP001","Wallonie-Bruxelles 2020.eu - ESF/YEI","ESF","More developed","2016","0","0","197705461","5575293.99","0","0","3716862.66","0","0","0","0","9292156.65","0","0","0","0","0","9292156.65","4.69999999140135","4.69999999140135","N"
"GR","Greece","2014GR16M2OP004","Epirus - ERDF/ESF","ESF","Less developed","2018","0","0","42062715","1283107.73","2245438.52","0","2569275.48","356942.92","0","1126650.38","0","4614228.43","12695590.35","0","0","0","13052533.27","17666761.7","42.0010018373755","42.0010018373755","N"
"CY","Cyprus","2014CY05M9OP001","Employment, Human Capital and Social Cohesion - CY - ESF/YEI","YEI Specific Allocation",,"2015","0","0","11572101","347163.03","3298048.79","0","0","0","0","0","0","3645211.82","0","0","0","0","0","3645211.82","31.5000000432074","31.5000000432074","N"
"FR","France","2014FR16M0OP014","Bourgogne - ERDF/ESF/YEI","YEI Specific Allocation",,"2019","0","0","3057397","0","0","0","171978.58","0","0","84078.42","0","87900.16","0","0","0","0","0","87900.16","2.87499987734665","2.87499987734665","N"
"FI","Finland","2014FI16M2OP001","Sustainable growth and jobs - FI - ERDF/ESF","ESF","More developed","2014","0","0","512684177","4819231.26","0","0","0","0","0","0","0","4819231.26","0","0","0","0","0","4819231.26","0.939999999258803","0.939999999258803","N"
"PT","Portugal","2014PT16M2OP006","Madeira - ERDF/ESF","ERDF","More developed","2020","0","0","213438722","7106296.86","0","0","26902409.53","7658221","0","9519412.84","0","16831072.55","103507671.58","0","0","0","111165892.58","127996965.13","59.9689521801016","59.9689521801016","N"
"HU","Hungary","2014HU16M1OP003","Integrated Transport - HU - ERDF/CF","ERDF","Less developed","2016","0","0","631099276","17796999.6","0","0","11864666.4","0","0","0","0","29661666","0","0","0","0","0","29661666","4.7000000044367","4.7000000044367","N"
"FR","France","2014FR16M0OP009","Guadeloupe - ERDF/ESF/YEI","ERDF","Outermost or Northern Sparsely Populated","2024","0","0","97784542","2757524.07","0","0","18046137.16","6493430.44","0","11552706.72","0","2757524.07","93117087.44","4583499.95","0","0","95027017.93","97784542","100","100","N"
"TC","Interreg","2014TC16I5CB004","IPA CBC Croatia – Bosnia and Herzegovina - Montenegro","IPAE-contribution from ERDF",,"2017","0","0","28577658","5906638","0","0","0","0","0","0","0","5906638","80451.42","0","0","0","80451.42","5987089.42","20.9502451880417","20.9502451880417","N"
"RO","Romania","2014RO05SFOP001","Administrative Capacity - RO - ESF","ESF","More developed","2021","0","0","112169164","3826633.88","0","0","14919108.01","1406414.5","0","8518917.13","0","8820410.26","38524570.04","0","0","0","39930984.54","48751394.8","43.4623857943704","43.4623857943704","N"
"GR","Greece","2014GR16M2OP009","Ionian Islands - ERDF/ESF","ERDF","Transition","2020","0","0","132015204","5839690.45","10219458.28","0","19390134.13","2290545.8","0","9046932.11","0","24111804.95","54105898.38","0","0","0","56396444.18","80508249.13","60.9840735692837","60.9840735692837","N"
"SK","Slovakia","2014SK16M1OP001","Integrated Infrastructure - SK - ERDF/CF","ERDF","Less developed","2017","0","0","3701761221","105734372.46","0","0","163007157.55","0","0","70489581.64","0","198251948.37","159218343.09","0","0","0","159218343.09","357470291.46","9.65676255486388","9.65676255486388","N"
"IT","Italy","2014IT06RDRP007","Lombardia - Rural Development","EAFRD","EURI","2017","0","0","0","0","0","0","0","0","0","0","0","0","0","0","0","0","0","0",,,"N"
"FR","France","2014FR16M0OP005","Haute-Normandie - ERDF/ESF/YEI","YEI Specific Allocation",,"2018","0","0","12164363","238526.43","2305755.49","0","702248.23","0","0","367728.25","0","2878801.9","4858155.34","0","0","0","4858155.34","7736957.24","63.6034722081214","63.6034722081214","N"
"IT","Italy","2014IT05SFOP001","Social Inclusion - IT - ESF","ESF","More developed","2023","0","0","168300000","4746060","0","0","27693765","4179412.96","0","18966044.54","0","9294367.5","151082808.74","3691557.62","0","0","151570664.08","160865031.58","95.5823122875817","95.5823122875817","N"
"DE","Germany","2014DE06RDRN001","Germany - Rural Network","EAFRD","EURI","2024","0","0","0","0","0","0","0","0","0","0","0","0","0","0","0","0","0","0",,,"N"
"FR","France","2014FR16M2OP010","Rhône-Alpes - ERDF/ESF","ERDF","More developed","2020","0","0","364091269","10267373.79","0","0","45347567.57","3315297.07","0","21925330.16","0","30374314.13","120809487.11","0","0","0","124124784.18","154499098.31","42.4341673268743","42.4341673268743","N"
"FR","France","2014FR16M2TA001","Technical Assistance - FR - ERDF/ESF","ESF","More developed","2018","0","0","13957017","418710.51","0","0","1029330.01","0","0","645512.04","0","802528.48","2985538.11","12631.07","0","0","2972907.04","3775435.52","27.0504472409828","27.0504472409828","N"
"TC","Interreg","2014TC16RFIR001","Interreg Europe","ERDF",,"2022","0","0","359326320","10779789.6","0","0","61983790.2","21365956.73","0","27727468.57","0","23670154.5","260247953.65","0","0","0","281613910.38","305284064.88","84.9601178338397","84.9601178338397","N"
"PT","Portugal","2014PT16M2OP004","Azores - ERDF/ESF","ERDF","REACT-EU","2022","0","0","99826186","10922033.85","0","0","2912542.36","0","0","1456271.18","0","12378305.03","47443213.63","0","0","0","47443213.63","59821518.66","59.9256778777464","59.9256778777464","N"
"TC","Interreg","2014TC16I5CB004","IPA CBC Croatia – Bosnia and Herzegovina - Montenegro","IPAE",,"2021","0","0","28577658","5906638","0","0","0","0","0","0","0","5906638","12059598.58","0","0","0","12059598.58","17966236.58","62.8681208936016","62.8681208936016","N"
"PT","Portugal","2014PT05M9OP001","Social Inclusion and Employment - PT - ESF/YEI","YEI",,"2014","0","0","321544338","4823165.08","0","0","0","0","0","0","0","4823165.08","0","0","0","0","0","4823165.08","1.50000000310999","1.50000000310999","N"
"IT","Italy","2015IT16RFSM001","SME Initiative - IT - ERDF","ERDF","Transition","2024","0","0","25160000","25000","0","0","2668925","1823500","0","870425","0","0","31948236.04","9568595.6","0","0","24203140.44","24203140.44","96.1969015898251","96.1969015898251","N"
"BE","Belgium","2014BE16RFOP002","Flanders - ERDF","ERDF","More developed","2024","0","0","175592099","4894540.29","0","0","32317404.89","11678608.49","0","18536799.04","0","6996537.65","156520874.18","0","0","0","168199482.67","175196020.32","99.7744325158958","99.7744325158958","N"
"PL","Poland","2014PL06RDNP001","Poland - National Rural Development","EAFRD",,"2023","0","0","11000104373","260926704.42","0","0","0","0","0","0","0","260926704.42","8374086565.77","0","0","0","8374086565.77","8635013270.19","78.4993758003318","78.4993758003318","N"
"SI","Slovenia","2014SI16MAOP001","EU Cohesion Policy - SI - ERDF/ESF/CF/YEI","YEI",,"2025","386945.47","0","18423072","552692.16","2671345.44","2671345.44","3177979.92","907765.72","0","1740550.88","0","1082355.48","15636537.79","13749.22","0","0","16530554.29","17612909.77","95.6024585367739","93.635796979406","N"
"GR","Greece","2014GR16M3TA001","Technical assistance - GR - ERDF/ESF/CF","ERDF","Less developed","2018","0","0","100991865","4426668.16","7746669.28","0","7621219.94","2614488.75","0","2229454.9","0","14950613.73","39288008.83","0","0","0","41902497.58","56853111.31","56.2947434528514","56.2947434528514","N"
"DE","Germany","2014DE06RDRP011","Mecklenburg-Vorpommern - Rural Development","EAFRD","EURI","2019","0","0","0","0","0","0","0","0","0","0","0","0","0","0","0","0","0","0",,,"N"
"RO","Romania","2014RO16M1OP001","Large Infrastructure Programme - RO - ERDF/CF","CF",,"2018","0","0","6934996977","260755886.36","0","0","480768665.48","0","0","301498993.61","0","440025558.23","1079932436.56","0","0","0","1079932436.56","1519957994.79","21.9172120742224","21.9172120742224","N"
"DE","Germany","2014DE16RFOP014","Schleswig-Holstein - ERDF","ERDF","REACT-EU","2024","0","0","45822023","5234031.9","0","0","2530751.84","1847810.63","0","1135456.15","0","4781516.96","39192695.41","0","0","0","41040506.04","45822023","100","100","N"
"ES","Spain","2014ES06RDRP011","Galicia  - Rural Development","EAFRD","EURI","2016","0","0","0","0","0","0","0","0","0","0","0","0","0","0","0","0","0","0",,,"N"
"SI","Slovenia","2014SI16MAOP001","EU Cohesion Policy - SI - ERDF/ESF/CF/YEI","YEI",,"2026","386945.47","0","18423072","552692.16","2671345.44","2671345.44","3177979.92","907765.72","0","1740550.88","0","1082355.48","15636537.79","13749.22","0","0","16530554.29","17612909.77","95.6024585367739","93.635796979406","Y"
"CZ","Czechia","2014CZ05M2OP001","Research Development and Education - CZ - ESF/ERDF","ERDF","More developed","2024","0","0","139177160","3924795.93","0","0","25685144.97","13011993.06","0","11565256.46","0","5032691.38","121132475.56","0","0","0","134144468.62","139177160","100","100","N"
"TC","Interreg","2014TC16M6TN001","Interreg V-B - Danube","IPAE",,"2025","451197.92","0","19829192","594875.76","0","0","3817119.46","1700734.22","0","0","0","2711261","16948949.69","1982950.83","0","0","16666733.08","19377994.08","97.7245773806618","95.5504019224498","N"
"IT","Italy","2014IT06RDRP002","Bolzano - Rural Development","EAFRD","EURI","2015","0","0","0","0","0","0","0","0","0","0","0","0","0","0","0","0","0","0",,,"N"
"IT","Italy","2014IT05SFOP002","Systems for Active Employment Policies - IT - ESF","ESF","More developed","2016","0","0","131012421","3694550.28","0","0","2463033.52","0","0","0","0","6157583.8","0","0","0","0","0","6157583.8","4.70000000992272","4.70000000992272","N"
"FR","France","2014FR16M0OP002","Auvergne - ERDF/ESF/YEI","YEI",,"2021","0","0","12138966","364168.98","1760150.07","0","1244244.02","918127.78","0","407627.24","0","2042808.05","10886302.28","0","0","0","10237487.44","12280295.49","101.164263002302","101.164263002302","N"
"DE","Germany","2014DE16RFOP004","Brandenburg - ERDF","ERDF","Transition","2020","0","0","826507210","23847139.02","0","0","105324864.03","11825945.92","0","54161587.28","0","63184469.85","290714897.25","0","0","0","302540843.17","365725313.02","44.2495006208113","44.2495006208113","N"
"PT","Portugal","2014PT05M9OP001","Social Inclusion and Employment - PT - ESF/YEI","YEI Specific Allocation",,"2020","0","0","225153172","5627025.92","46623929.01","0","26752184.42","9705900.44","0","5143410.15","0","64153828.76","148293287.83","0","0","0","157999188.27","222153017.03","98.6675049063932","98.6675049063932","N"
"TC","Interreg","2014TC16I5CB006","IPA CBC Bulgaria – Republic of North Macedonia","IPAE",,"2023","0","0","8271217","1709555","0","0","0","61916.44","0","0","0","1647638.56","6603321.14","41659.14","0","0","6623578.44","8271217","100","100","N"
"IT","Italy","2014IT06RDRP004","Friuli-Venezia Giulia - Rural Development","EAFRD","EURI","2015","0","0","0","0","0","0","0","0","0","0","0","0","0","0","0","0","0","0",,,"N"
"TC","Interreg","2014TC16RFCB020","Interreg V-A - Greece-Italy","ERDF",,"2016","0","0","104700362","3141010.86","0","0","2094007.24","0","0","0","0","5235018.1","0","0","0","0","0","5235018.1","5","5","N"
"TC","Interreg","2014TC16M6TN001","Interreg V-B - Danube","ENI",,"2025","2428655.97","0","10000000","0","0","0","3444760.85","0","0","0","0","3444760.85","4126583.18","0","0","0","4126583.18","7571344.03","75.7134403","60.9184456330237","N"
"PT","Portugal","2014PT16M2OP001","Norte - ERDF/ESF","ESF","Less developed","2019","0","0","659966183","19179587.42","0","0","58249716.74","3826582.96","0","36587547.68","0","37015173.52","77307595.57","0","0","0","81134178.53","118149352.05","17.9023342549053","17.9023342549053","N"
"IT","Italy","2014IT05M9OP001","Youth Employment - IT - ESF/YEI","YEI ESF Matching Component",,"2024","0","0","940102496","17025337.44","0","0","159196857.4","20330271.07","0","113033238.42","0","42858685.35","834753902.07","1675327.05","0","0","853408846.09","896267531.44","95.3372143200862","95.3372143200862","N"
"CZ","Czechia","2014CZ06RDNP001","Czech Republic - National Rural Development","EAFRD",,"2015","0","0","2305673996","46113479.92","0","0","0","0","0","0","0","46113479.92","187621864.08","0","0","0","187621864.08","233735344","10.1373977589848","10.1373977589848","N"
"ES","Spain","2014ES05SFOP014","Canarias - ESF","ESF","Transition","2026","0","0","173436213","5343743.34","0","0","32229984.42","10456014.37","0","18448243.61","0","8669469.78","154310728.85","0","0","0","164766743.22","173436213","100","100","Y"
"GR","Greece","2014GR16M2OP010","North Aegean - ERDF/ESF","ESF","Transition","2025","0","0","32866559","1007826.48","1763696.34","0","5798668.45","2618840.65","0","2707571.01","0","3243779.61","27003938.74","0","0","0","29622779.39","32866559","100","100","N"
"DE","Germany","2014DE05SFOP003","Baden-Württemberg - ESF","ESF","More developed","2025","0","0","259657066","7322329.26","0","0","46876474.97","18012678.08","10713420.42","25472705.73","0","0","237952534.45","16367902.26","0","9346335.31","259657066","259657066","100","100","N"
"IT","Italy","2014IT16RFOP014","Piemonte - ERDF","ERDF","More developed","2017","0","0","482922370","13618410.84","0","0","20995050.04","0","0","9078940.56","0","25534520.32","18000000","0","0","0","18000000","43534520.32","9.01480714591871","9.01480714591871","N"
"TC","Interreg","2014TC16RFCB050","Interreg V-A - Estonia-Latvia","ERDF",,"2021","0","0","38933803","1140620.52","0","0","5870062.44","1007140.47","0","2964899.07","0","3038643.42","30186694.27","0","0","0","31193834.74","34232478.16","87.9248250164516","87.9248250164516","N"
"BE","Belgium","2014BE05M9OP001","Wallonie-Bruxelles 2020.eu - ESF/YEI","ESF","REACT-EU","2021","0","0","29950600","3294566","0","0","599012","0","0","0","0","3893578","0","0","0","0","0","3893578","13","13","N"
"CY","Cyprus","2014CY06RDNP001","Cyprus - National Rural Development","EAFRD","EURI","2020","0","0","0","0","0","0","0","0","0","0","0","0","0","0","0","0","0","0",,,"N"
"FR","France","2014FR06RDRP031","Nord-Pas de Calais - Rural Development","EAFRD",,"2024","0","0","152202408","3623518.8","0","0","0","0","0","0","0","3623518.8","127396583.53","0","0","0","127396583.53","131020102.33","86.0828051616634","86.0828051616634","N"
"IT","Italy","2014IT05SFOP001","Social Inclusion - IT - ESF","ESF","REACT-EU","2022","0","0","92280000","13842000","0","0","1845600","0","0","0","0","15687600","0","0","0","0","0","15687600","17","17","N"
"FR","France","2014FR14MFOP001","Maritime and Fisheries - France","EMFF",,"2021","0","0","587980173","16581040.89","0","0","84992534.06","5665449.82","0","51677316.59","0","44230808.54","270556075.43","591052.64","0","0","275630472.61","319861281.15","54.4000114014049","54.4000114014049","N"
"UK","United Kingdom","2014UK05SFOP001","West Wales and the Valleys - ESF","ESF","Less developed","2014","0","0","802340298","7541998.8","0","0","0","0","0","0","0","7541998.8","0","0","0","0","0","7541998.8","0.939999999850438","0.939999999850438","N"
"HU","Hungary","2014HU05M2OP001","Human Resources Development - HU - ESF/ERDF","ERDF","Less developed","2022","0","0","904816497","25515825.24","0","0","148887554.69","4235503.49","0","102103055.4","0","68064821.04","653359583.5","53273546.76","0","0","604321540.23","672386361.27","74.311903407968","74.311903407968","N"
"FR","France","2014FR05M0OP001","Île-de-France et Seine - ESF/ERDF/YEI","YEI",,"2014","0","0","5764278","57642.78","0","0","0","0","0","0","0","57642.78","0","0","0","0","0","57642.78","1","1","N"
"IT","Italy","2014IT05SFOP002","Systems for Active Employment Policies - IT - ESF","ESF","REACT-EU","2023","0","0","6047949540","682150500","0","0","211912390.8","0","0","90953400","0","803109490.8","2015419719.83","0","0","0","2015419719.83","2818529210.63","46.603054340794","46.603054340794","N"
"PT","Portugal","2014PT16M2OP001","Norte - ERDF/ESF","ESF","Less developed","2017","0","0","582966183","19179587.42","0","0","25344454.81","0","0","10959764.24","0","33564277.99","14041395.2","0","0","0","14041395.2","47605673.19","8.16611230260675","8.16611230260675","N"
"ES","Spain","2014ES06RDNP001","Spain - National Rural Development","EAFRD",,"2019","0","0","237828821","8324008.74","0","0","0","0","0","0","0","8324008.74","59961532.58","0","0","0","59961532.58","68285541.32","28.7120547597551","28.7120547597551","N"
"SK","Slovakia","2014SK16M1OP002","Quality of Environment - SK - ERDF/CF","CF",,"2022","0","0","1723862261","52483365.75","0","0","300756022.5","33483693.2","0","182498525.24","0","137257169.81","957233967.05","17581484.69","0","0","973136175.56","1110393345.37","64.4131129552003","64.4131129552003","N"
"SE","Sweden","2014SE16M2OP001","Community-led local Development - SE - ERDF/ESF","ERDF","More developed","2015","0","0","8504984","159893.68","0","0","0","0","0","0","0","159893.68","0","0","0","0","0","159893.68","1.87999977425002","1.87999977425002","N"
"HU","Hungary","2014HU16M0OP001","Economic Development and Innovation Programme - HU - ERDF/ESF/YEI","ERDF","Less developed","2021","0","0","5780879974","166355747.28","0","0","850355483.3","171669495.04","0","437255098.89","0","407786636.65","4340123084.66","0","0","0","4511792579.7","4919579216.35","85.1008711212865","85.1008711212865","N"
"BE","Belgium","2014BE05M9OP002","Brussels-Capital Region : Investment for growth and jobs - ESF/YEI","YEI Specific Allocation",,"2018","0","0","8701767","176133.3","1702621.9","117422.2","510837.43","83297.97","0","70818.67","0","2118053.79","4151530.14","0","0","0","4234828.11","6352881.9","73.0068031010254","73.0068031010254","N"
"PT","Portugal","2014PT05M9OP001","Social Inclusion and Employment - PT - ESF/YEI","YEI Specific Allocation",,"2018","0","0","223359804","5627025.92","46623929.01","0","13578107.43","3797211.46","0","3638501.36","0","58393349.54","117339353.75","0","0","0","121136565.21","179529914.75","80.3770022783509","80.3770022783509","N"
"DE","Germany","2014DE05SFOP013","Sachsen-Anhalt - ESF","ESF","Transition","2016","0","0","611783670","17252299.5","0","0","11501533","0","0","0","0","28753832.5","0","0","0","0","0","28753832.5","4.70000000163457","4.70000000163457","N"
"GR","Greece","2014GR05M2OP001","Reform of the Public Sector - GR - ESF/ERDF","ERDF","Less developed","2022","0","0","112499500","4276948.8","7484660.4","0","20888186.47","3136385.81","0","11340972.6","0","18172437.26","59561737.55","0","0","0","62698123.36","80870560.62","71.8852622633878","71.8852622633878","N"
"FR","France","2014FR06RDRP003","Guyane - Rural Development","EAFRD",,"2019","0","0","112000000","3360000","0","0","0","0","0","0","0","3360000","24658470.12","0","0","0","24658470.12","28018470.12","25.0164911785714","25.0164911785714","N"
"ES","Spain","2014ES06RDRP010","Extremadura - Rural Development","EAFRD","EURI","2020","0","0","0","0","0","0","0","0","0","0","0","0","0","0","0","0","0","0",,,"N"
"SI","Slovenia","2014SI06RDNP001","Slovenia - National Rural Development","EAFRD",,"2022","0","0","1082565020","25135494.09","0","0","0","0","0","0","0","25135494.09","793473063.22","0","0","0","793473063.22","818608557.31","75.6174956872337","75.6174956872337","N"
"TC","Interreg","2014TC16RFCB043","Interreg V-A - Saint Martin-Sint Maarten","ERDF",,"2023","0","0","7040984","300000","0","0","1828639.52","0","0","1400319.84","0","728319.68","1156630.67","1156630.67","0","0","0","728319.68","10.3440041903234","7.2831968","N"
"CY","Cyprus","2014CY06RDNP001","Cyprus - National Rural Development","EAFRD",,"2021","0","0","185044561","5289775.08","0","0","0","0","0","0","0","5289775.08","101529662.86","0","0","0","101529662.86","106819437.94","57.7263321670935","57.7263321670935","N"
"UK","United Kingdom","2014UK06RDRP003","Scotland - Rural Development","EAFRD","EURI","2018","0","0","0","0","0","0","0","0","0","0","0","0","0","0","0","0","0","0",,,"N"
"PL","Poland","2014PL16M2OP007","Mazowieckie Voivodeship - ERDF/ESF","ERDF","REACT-EU","2024","0","0","29848647","11271401.1","0","0","1097924.1","236215.29","0","861708.81","0","11271401.1","18341030.61","0","0","0","18577245.9","29848647","100","100","N"
"DE","Germany","2014DE05SFOP009","Mecklenburg-Vorpommern - ESF","ESF","Transition","2025","0","0","384589073","10845411.87","0","0","70975913.48","28723352.03","15422966.72","37675006.6","0","0","337457469.74","0","0","2985284.51","384589073","384589073","100","100","N"
"HU","Hungary","2014HU16M0OP001","Economic Development and Innovation Programme - HU - ERDF/ESF/YEI","YEI",,"2019","0","0","99530712","2985921.36","14431953.24","0","7340390.02","3645418.2","0","3694972.24","0","17417874.18","81093040.77","0","0","0","83605797.79","101023671.97","101.499999286652","101.499999286652","N"
"FR","France","2014FR06RDRP021","Champagne-Ardenne - Rural Development","EAFRD","EURI","2016","0","0","0","0","0","0","0","0","0","0","0","0","0","0","0","0","0","0",,,"N"
"PL","Poland","2014PL16M2OP008","Opolskie Voivodeship - ERDF/ESF","ESF","Less developed","2014","0","0","265814879","2498659.86","0","0","0","0","0","0","0","2498659.86","0","0","0","0","0","2498659.86","0.939999999021876","0.939999999021876","N"
"FR","France","2014FR16M0OP012","Nord-Pas de Calais - ERDF/ESF/YEI","ESF","Transition","2025","246999.13","0","115222227","3662343.24","0","0","22197582.89","9657809.42","0","10705002.43","0","5497114.28","103377678.09","0","0","0","113035487.51","118532601.79","102.873034896297","102.652980159884","N"
"TC","Interreg","2014TC16I5CB003","IPA CBC Croatia - Serbia","IPAE-contribution from ERDF",,"2017","0","0","17146594","3543982.5","0","0","0","0","0","0","0","3543982.5","53901.22","0","0","0","53901.22","3597883.72","20.9830810713778","20.9830810713778","N"
"DE","Germany","2014DE05SFOP003","Baden-Württemberg - ESF","ESF","More developed","2026","0","0","259657066","7322329.26","0","0","46876474.97","18012678.08","10713420.42","25472705.73","0","0","237952534.45","16367902.26","0","9346335.31","259657066","259657066","100","100","Y"
"TC","Interreg","2014TC16I5CB009","IPA CBC Greece – Republic of North Macedonia","IPAE",,"2021","0","0","19324776","3994185.5","0","0","0","0","0","0","0","3994185.5","7934770.05","0","0","0","7934770.05","11928955.55","61.7288166755465","61.7288166755465","N"
"ES","Spain","2014ES16RFOP005","Asturias  - ERDF","ERDF","More developed","2018","0","0","263779031","8341606.04","0","0","17841524.49","0","0","11022836.54","0","15160293.99","43145861.6","0","0","0","43145861.6","58306155.59","22.1041662671056","22.1041662671056","N"
"FR","France","2014FR05FMOP001","FEAD - France","FEAD","REACT-EU","2023","0","0","104027508","15604126.2","0","0","0","0","0","0","0","15604126.2","12541246.27","0","0","0","12541246.27","28145372.47","27.0557019110753","27.0557019110753","N"
"FR","France","2014FR16M0OP009","Guadeloupe - ERDF/ESF/YEI","ERDF","Outermost or Northern Sparsely Populated","2020","0","0","97784542","2757524.07","0","0","12179064.64","3410865.23","0","6010675.34","0","5515048.14","62886836.55","0","0","0","66297701.78","71812749.92","73.4397773423125","73.4397773423125","N"
"DE","Germany","2014DE05SFOP003","Baden-Württemberg - ESF","ESF","REACT-EU","2025","6578157.94","4739347.45","113003151","12907813.05","0","0","6241167.78","4489.51","8168465.6","6236678.27","4739347.45","0","104518690.26","11005999.76","0","0","101685645.61","106424993.06","94.1787836163967","85.6052374161697","N"
"TC","Interreg","2014TC16RFCB035","Interreg V-A - Italy-Switzerland","ERDF",,"2016","0","0","100221466","3006643.98","0","0","2004429.32","0","0","0","0","5011073.3","0","0","0","0","0","5011073.3","5","5","N"
"HR","Croatia","2014HR16M1OP001","Competitiveness and Cohesion  - HR - ERDF/CF","CF",,"2024","0","0","2130755644","72179196.39","0","0","442600038.64","104622638.44","0","274547911.92","0","135608684.67","1875054930.59","529271.71","0","0","1979148297.32","2114756981.99","99.2491554789471","99.2491554789471","N"
"TC","Interreg","2014TC16I5CB003","IPA CBC Croatia - Serbia","IPAE",,"2021","0","0","17146594","3543982.5","0","0","0","0","0","0","0","3543982.5","10586159.48","0","0","0","10586159.48","14130141.98","82.4078646756318","82.4078646756318","N"
"FR","France","2014FR05SFOP001","Employment and Social Inclusion - FR - ESF","ESF","More developed","2024","0","0","1904874899","54758345.64","0","0","353102157.6","129798369.47","0","171840272.31","0","106221861.46","1665465712.94","0","0","0","1795264082.41","1901485943.87","99.8220904096233","99.8220904096233","N"
"IT","Italy","2014IT06RDRP010","Toscana - Rural Development","EAFRD",,"2016","0","0","414746000","12442380","0","0","0","0","0","0","0","12442380","15473744.14","0","0","0","15473744.14","27916124.14","6.73089653426435","6.73089653426435","N"
"PL","Poland","2014PL16M2OP002","Kujawsko-Pomorskie Voivodeship - ERDF/ESF","ERDF","Less developed","2018","0","0","1368083592","38579957.31","0","0","94842395.06","1347809.22","0","58129624.97","0","73944918.18","187091892.19","0","0","0","188439701.41","262384619.59","19.1789903134808","19.1789903134808","N"
"PL","Poland","2014PL16M2OP015","Wielkopolskie Voivodeship - ERDF/ESF","ESF","Less developed","2024","0","0","689231240","19436320.98","0","0","127197625.4","43026442.42","0","66621303.75","0","36986200.21","606047498.34","0","0","0","649073940.76","686060140.97","99.5399078210674","99.5399078210674","N"
"TC","Interreg","2014TC16RFCB024","Interreg V-A - Germany-Austria-Switzerland-Liechtenstein (Alpenrhein-Bodensee-Hochrhein)","ERDF",,"2017","0","0","39588430","1187652.9","0","0","1830964.89","0","0","791768.6","0","2226849.19","2239051.72","0","0","0","2239051.72","4465900.91","11.2808234880747","11.2808234880747","N"
"TC","Interreg","2014TC16RFCB056","Interreg V-A - Germany-Denmark","ERDF",,"2021","0","0","89634975","2689049.25","0","0","13669333.68","5468286.1","0","5606229.75","0","5283867.08","65387845.02","0","0","0","70856131.12","76139998.2","84.9445188108771","84.9445188108771","N"
"FR","France","2014FR06RDRP031","Nord-Pas de Calais - Rural Development","EAFRD",,"2023","0","0","152202408","3623518.8","0","0","0","0","0","0","0","3623518.8","110878631.2","0","0","0","110878631.2","114502150","75.2301829547927","75.2301829547927","N"
"MT","Malta","2014MT06RDNP001","Malta - National Rural Development","EAFRD","EURI","2019","0","0","0","0","0","0","0","0","0","0","0","0","0","0","0","0","0","0",,,"N"
"IT","Italy","2014IT05M2OP001","Education - IT - ESF/ERDF","ERDF","Transition","2018","0","0","27628128","779113.2","0","0","1915319.95","0","0","1201132.85","0","1493300.3","1238550.43","0","0","0","1238550.43","2731850.73","9.88793279805277","9.88793279805277","N"
"TC","Interreg","2014TC16RFCB041","Interreg V-A - France-Switzerland","ERDF",,"2014","0","0","65890505","658905.05","0","0","0","0","0","0","0","658905.05","0","0","0","0","0","658905.05","1","1","N"
"SK","Slovakia","2014SK05FMOP001","FEAD - Slovakia","FEAD",,"2023","0","0","55112543","6062379.73","0","0","0","0","0","0","0","6062379.73","49050163.27","0","0","0","49050163.27","55112543","100","100","N"
"SE","Sweden","2014SE16RFOP006","North-Central Sweden - ERDF","ERDF","More developed","2024","0","0","144955259","4146682.68","0","0","26842365.25","11943927.53","0","13217008.8","0","5828111.6","123929542","0","0","0","135873469.53","141701581.13","97.7553916343249","97.7553916343249","N"
"HR","Croatia","2014HR05FMOP001","FEAD - Croatia","FEAD","REACT-EU","2024","0","0","10000000","1500000","0","0","0","0","0","0","0","1500000","8500000","0","0","0","8500000","10000000","100","100","N"
"FR","France","2014FR16M0OP015","Lorraine et Vosges - ERDF/ESF/YEI","ERDF","More developed","2021","0","0","4944000","139420.8","0","0","714655.2","225584.77","0","264997.01","0","363494.22","3506307.35","0","0","0","3731892.12","4095386.34","82.835484223301","82.835484223301","N"
"TC","Interreg","2014TC16RFCB040","Interreg V-A - France-United Kingdom (Manche)","ERDF",,"2016","0","0","223046948","6691408.44","0","0","4460938.96","0","0","0","0","11152347.4","0","0","0","0","0","11152347.4","5","5","N"
"DE","Germany","2014DE06RDRP012","Niedersachsen / Bremen - Rural Development","EAFRD",,"2015","0","0","1119923554","20934471.08","0","0","0","0","0","0","0","20934471.08","0","0","0","0","0","20934471.08","1.86927679172645","1.86927679172645","N"
"PT","Portugal","2014PT16M2OP002","Centro - ERDF/ESF","ESF","Less developed","2018","0","0","443517052","13275711.02","0","0","27973819.64","272660.12","0","17270243.72","0","23706626.82","23137218.14","0","0","0","23409878.26","47116505.08","10.6233807398233","10.6233807398233","N"
"IT","Italy","2014IT06RDRP002","Bolzano - Rural Development","EAFRD","EURI","2020","0","0","0","0","0","0","0","0","0","0","0","0","0","0","0","0","0","0",,,"N"
"IT","Italy","2014IT16M2OP004","Metrolitan Cities - IT - ERDF/ESF","ERDF","Less developed","2019","0","0","323562214","9124454.43","0","0","31175219.31","72379.29","0","22358571.19","0","17868723.26","83384559.78","0","0","0","83456939.07","101325662.33","31.3156660282959","31.3156660282959","N"
"IT","Italy","2014IT16M2OP004","Metrolitan Cities - IT - ERDF/ESF","ERDF","More developed","2018","0","0","106197504","2994769.62","0","0","7362141.99","18093.14","0","4598843.36","0","5739975.11","12607509.94","0","0","0","12625603.08","18365578.19","17.2937945792022","17.2937945792022","N"
"BE","Belgium","2014BE05M9OP001","Wallonie-Bruxelles 2020.eu - ESF/YEI","YEI ESF Matching Component",,"2018","0","0","54192195","1096918.8","0","0","3181368.51","0","0","1691083.15","0","2587204.16","8706420.81","491979.91","0","0","8214440.9","10801645.06","19.9321047246748","19.9321047246748","N"
"GR","Greece","2014GR16M2OP002","Central Macedonia - ERDF/ESF","ERDF","Less developed","2021","0","0","554277548","24053751.04","42094064.32","0","91225682.99","14360308.93","0","48922272.81","0","94090916.61","421753285.28","0","0","0","436113594.21","530204510.82","95.6568622945557","95.6568622945557","N"
"TC","Interreg","2014TC16RFCB007","Interreg V-A - Spain-Portugal (Madeira-Açores-Canarias (MAC))","ERDF",,"2020","0","0","126506503","3319884.96","0","0","16075714.81","1065843.74","0","8643457.76","0","9686298.27","18624270.37","0","0","0","19690114.11","29376412.38","23.2212666411307","23.2212666411307","N"
"IT","Italy","2014IT16M2OP006","Calabria  - ERDF/ESF","ERDF","Less developed","2024","0","0","1468670372","43142552.73","0","0","278666496.88","72129696.24","0","173812845.68","0","75866507.69","1365987078.73","45312910.66","0","0","1392803864.31","1468670372","100","100","N"
"DE","Germany","2014DE05SFOP003","Baden-Württemberg - ESF","ESF","REACT-EU","2026","6578157.94","4739347.45","113003151","12907813.05","0","0","6241167.78","4489.51","8168465.6","6236678.27","4739347.45","0","104518690.26","11005999.76","0","0","101685645.61","106424993.06","94.1787836163967","85.6052374161697","Y"
"GR","Greece","2014GR16M2OP012","Attica - ERDF/ESF","ESF","More developed","2016","0","0","233659463","8772352.4","15351616.7","0","4386176.2","0","0","0","0","28510145.3","16034749.64","0","0","0","16034749.64","44544894.94","19.0640235015862","19.0640235015862","N"
"FR","France","2014FR06RDRP021","Champagne-Ardenne - Rural Development","EAFRD",,"2020","0","0","203115516","6093465.48","0","0","0","0","0","0","0","6093465.48","114304057.26","0","0","0","114304057.26","120397522.74","59.2753941752042","59.2753941752042","N"
"RO","Romania","2014RO16RFOP002","Integrated Regional Programme - RO - ERDF","ERDF","More developed","2020","0","0","356638299","13386365.24","0","0","44342334.87","0","0","24681110.92","0","33047589.19","189718244.65","2288074.45","0","0","187430170.2","220477759.39","61.8211111953515","61.8211111953515","N"
"PL","Poland","2014PL16CFTA001","Technical Assistance - PL - CF","CF",,"2020","0","0","703123363","21003700.89","0","0","92856345.6","18379700.16","0","44959721.19","0","50520625.14","423837221.67","193650.61","0","0","442023271.22","492543896.36","70.0508505731447","70.0508505731447","N"
"GR","Greece","2014GR05M9OP001","Human Resources Development Education and Lifelong Learning - GR - ESF/YEI","YEI",,"2019","0","0","510223714","13721362.34","48882353.27","0","44037664.06","3271671.42","0","26366797.22","0","77002911.03","192874554.86","8296582.82","0","0","187849643.46","264852554.49","51.9091032468162","51.9091032468162","N"
"DE","Germany","2014DE05SFOP009","Mecklenburg-Vorpommern - ESF","ESF","Transition","2026","0","0","384589073","10845411.87","0","0","70975913.48","28723352.03","15422966.72","37675006.6","0","0","337457469.74","0","0","2985284.51","384589073","384589073","100","100","Y"
"FR","France","2014FR06RDRP082","Rhône-Alpes - Rural Development","EAFRD","EURI","2023","0","0","62271374","0","0","0","0","0","0","0","0","0","29961686.12","0","0","0","29961686.12","29961686.12","48.1147021422717","48.1147021422717","N"
"RO","Romania","2014RO05M9OP001","Human Capital - RO - ESF/YEI","YEI ESF Matching Component",,"2016","0","0","105994315","4239772.6","0","0","2119886.3","0","0","0","0","6359658.9","0","0","0","0","0","6359658.9","6","6","N"
"IT","Italy","2014IT06RDRP001","Abruzzo - Rural Development","EAFRD",,"2018","0","0","230143484.23","6232260","0","0","0","0","0","0","0","6232260","22185156.56","0","0","0","22185156.56","28417416.56","12.3476954627142","12.3476954627142","N"
"FR","France","2014FR16M0OP002","Auvergne - ERDF/ESF/YEI","YEI Specific Allocation",,"2023","0","0","6069483","182084.49","1760150.07","0","622122.01","539698.5","0","203813.62","0","1820844.45","3708940.05","0","0","0","4248638.55","6069483","100","100","N"
"PL","Poland","2014PL16M2OP010","Podlaskie Voivodeship - ERDF/ESF","ESF","Less developed","2023","0","0","336013351","9626878.26","0","0","62679513.38","18549871.89","0","31773670.6","0","21982849.15","275651979.61","0","0","0","294201851.5","316184700.65","94.0988504501418","94.0988504501418","N"
"FR","France","2014FR16M0OP012","Nord-Pas de Calais - ERDF/ESF/YEI","ESF","Transition","2026","246999.13","0","115222227","3662343.24","0","0","22197582.89","9657809.42","0","10705002.43","0","5497114.28","103377678.09","0","0","0","113035487.51","118532601.79","102.873034896297","102.652980159884","Y"
"BG","Bulgaria","2014BG05M9OP001","Human Resources Development  - BG - ESF/YEI","YEI Specific Allocation",,"2020","0","0","55275246","1655662.35","16004736.05","0","5656846.37","3652343.42","0","1371589.93","0","18293311.42","33243090.16","0","0","0","36895433.58","55188745","99.8435086114316","99.8435086114316","N"
"PL","Poland","2014PL16RFOP003","Development of Eastern Poland - ERDF","ERDF","Less developed","2021","0","0","2000000000","56400000","0","0","289100000","86017681.02","0","148077581.61","0","111404737.37","1377920341.67","0","0","0","1463938022.69","1575342760.06","78.767138003","78.767138003","N"
"GR","Greece","2014GR16M2OP002","Central Macedonia - ERDF/ESF","ESF","Less developed","2019","0","0","161594654","4927337.76","8622841.08","0","14228671.91","3634948.78","0","6233210.57","0","17910691.4","66323154.9","0","0","0","69958103.68","87868795.08","54.3760532325531","54.3760532325531","N"
"FR","France","2014FR16M0OP008","Picardie - ERDF/ESF/YEI","ERDF","Transition","2022","0","0","219703414","6195636.24","0","0","36152196.63","6852845.84","0","20688950.78","0","14806036.25","124294711.26","0","0","0","131147557.1","145953593.35","66.432100754702","66.432100754702","N"
"SE","Sweden","2014SE05M9OP001","Investments in growth and employInvestments in growth and employment - SE - ESF/YEIment - ESF/YEI","YEI Specific Allocation",,"2015","0","0","44163096","883261.92","12807297.84","0","0","0","0","0","0","13690559.76","0","0","0","0","0","13690559.76","31","31","N"
"TC","Interreg","2014TC16RFCB043","Interreg V-A - Saint Martin-Sint Maarten","ERDF",,"2025","1411146.18","0","7040984","300000","0","0","1828639.52","140819.68","0","1400319.84","0","587500","6058148.81","1156630.67","0","0","5042337.82","5629837.82","79.9581112526317","49.3363044447477","N"
"ES","Spain","2014ES06RDRP014","Navarra - Rural Development","EAFRD",,"2016","0","0","136514270","4777999.45","0","0","0","0","0","0","0","4777999.45","10158590.34","0","0","0","10158590.34","14936589.79","10.9414127841727","10.9414127841727","N"
"PL","Poland","2014PL16M2OP009","Podkarpackie Voivodeship - ERDF/ESF","ESF","Less developed","2020","0","0","594726566","16771289.16","0","0","74073193.8","19407401.12","0","31232630.11","0","40204451.73","322750490.05","0","0","0","342157891.17","382362342.9","64.2921242734598","64.2921242734598","N"
"FR","France","2014FR16M2OP009","Poitou-Charentes - ERDF/ESF","ESF","REACT-EU","2025","1638335.34","0","7217693","1082653.95","0","0","433061.58","6926.6","0","406960.66","0","1101828.27","4489777.11","19174.32","0","0","4477529.39","5579357.66","77.3011218404551","63.0006753117504","N"
"FR","France","2014FR16M2OP008","Pays de la Loire - ERDF/ESF","ERDF","More developed","2024","0","0","299923728","8537514.09","0","0","55702777.58","19975181.86","0","30668280.13","0","13596829.68","266351716.46","0","0","0","286326898.32","299923728","100","100","N"
"TC","Interreg","2014TC16M5CB003",,"ENI",,"2023","0","0","36146782","0","0","0","0","0","0","0","0","0","0","0","0","0","0","0","0","0","N"
"ES","Spain","2014ES16RFOP002","Multi-regional Spain - ERDF","ERDF","REACT-EU","2022","0","0","1800907925","133587880.5","0","0","17811717.4","0","0","0","0","151399597.9","1045888184.55","0","0","0","1045888184.55","1197287782.45","66.4824539794282","66.4824539794282","N"
"ES","Spain","2014ES05SFTA001","Technical Assistance - ES - ESF","ESF","Less developed","2015","0","0","3084696","77117.4","0","0","0","0","0","0","0","77117.4","0","0","0","0","0","77117.4","2.5","2.5","N"
"FR","France","2014FR16M0OP001","Aquitaine - ERDF/ESF/YEI","ESF","REACT-EU","2026","3356065.4","0","10846859","1627028.85","0","0","650811.54","8144.46","0","642667.08","0","1627028.85","5855620.29","0","0","0","5863764.75","7490793.6","69.0595646168167","52.7412058885563","Y"
"IT","Italy","2014IT16M2OP002","Puglia  - ERDF/ESF","ESF","Less developed","2020","0","0","772409449","21781946.46","0","0","96203596.87","0","0","53547285.05","0","64438258.28","221332684.37","6350177.69","0","0","214982506.68","279420764.96","36.1752132009457","36.1752132009457","N"
"FR","France","2014FR05SFOP005","Réunion - ESF","ESF","Less developed","2025","12383315.8","0","501107323","14574999.06","0","0","93163505.85","26273278.85","0","57417477.75","0","24047748.31","435232646.76","0","0","0","461505925.61","485553673.92","96.896144125996","94.5594013271036","N"
"IT","Italy","2014IT05M2OP001","Education - IT - ESF/ERDF","ERDF","Transition","2014","0","0","27628128","0","0","0","0","0","0","0","0","0","0","0","0","0","0","0","0","0","N"
"DE","Germany","2014DE16RFOP005","Bremen - ERDF","ERDF","More developed","2016","0","0","103021352","2905202.1","0","0","1936801.4","0","0","0","0","4842003.5","0","0","0","0","0","4842003.5","4.69999995729041","4.69999995729041","N"
"IT","Italy","2014IT05SFOP008","Marche  - ESF","ESF","More developed","2018","0","0","143989809","4060512.6","0","0","9982093.48","281288.19","0","5978668.74","0","7782649.15","18636428.53","0","0","0","18917716.72","26700365.87","18.5432330631121","18.5432330631121","N"
